tick,agent_a,agent_b
314,drone_1,drone_3
315,drone_1,drone_3
316,drone_1,drone_3
317,drone_1,drone_3
318,drone_1,drone_3
319,drone_1,drone_3
320,drone_1,drone_3
321,drone_1,drone_3
322,drone_1,drone_3
323,drone_1,drone_3
324,drone_1,drone_3
325,drone_1,drone_3
326,drone_1,drone_3
327,drone_1,drone_3
328,drone_1,drone_3
329,drone_1,drone_3
330,drone_1,drone_3
331,drone_1,drone_3
332,drone_1,drone_3
333,drone_1,drone_3
334,drone_0,drone_3
334,drone_1,drone_3
335,drone_0,drone_3
335,drone_1,drone_3
336,drone_0,drone_1
336,drone_0,drone_3
336,drone_1,drone_3
337,drone_0,drone_1
337,drone_0,drone_3
337,drone_1,drone_3
338,drone_0,drone_1
338,drone_0,drone_3
338,drone_1,drone_3
339,drone_0,drone_1
339,drone_0,drone_3
339,drone_1,drone_3
340,drone_0,drone_1
340,drone_0,drone_3
340,drone_1,drone_3
341,drone_0,drone_1
341,drone_0,drone_3
341,drone_1,drone_3
342,drone_0,drone_1
342,drone_0,drone_3
342,drone_1,drone_3
343,drone_0,drone_1
343,drone_0,drone_3
343,drone_1,drone_3
344,drone_0,drone_1
344,drone_0,drone_3
344,drone_1,drone_3
345,drone_0,drone_1
345,drone_0,drone_3
345,drone_1,drone_3
346,drone_0,drone_1
346,drone_0,drone_3
346,drone_1,drone_3
347,drone_0,drone_1
347,drone_0,drone_3
347,drone_1,drone_3
348,drone_0,drone_1
348,drone_0,drone_3
348,drone_1,drone_3
349,drone_0,drone_1
349,drone_0,drone_3
349,drone_1,drone_3
350,drone_0,drone_1
350,drone_0,drone_3
350,drone_1,drone_3
351,drone_0,drone_1
351,drone_0,drone_3
351,drone_1,drone_3
352,drone_0,drone_1
352,drone_0,drone_3
352,drone_1,drone_3
353,drone_0,drone_1
353,drone_0,drone_3
353,drone_1,drone_3
354,drone_0,drone_1
354,drone_0,drone_3
354,drone_1,drone_3
355,drone_0,drone_1
355,drone_0,drone_3
355,drone_1,drone_3
356,drone_0,drone_1
356,drone_0,drone_3
356,drone_1,drone_3
357,drone_0,drone_1
357,drone_0,drone_3
357,drone_1,drone_3
358,drone_0,drone_1
358,drone_0,drone_3
358,drone_1,drone_3
359,drone_0,drone_1
359,drone_0,drone_3
359,drone_1,drone_3
360,drone_0,drone_1
360,drone_0,drone_3
360,drone_1,drone_3
361,drone_0,drone_1
361,drone_0,drone_3
361,drone_1,drone_3
362,drone_0,drone_1
362,drone_0,drone_3
362,drone_1,drone_3
363,drone_0,drone_1
363,drone_0,drone_3
363,drone_1,drone_3
364,drone_0,drone_1
364,drone_0,drone_3
364,drone_1,drone_3
365,drone_0,drone_1
365,drone_0,drone_3
365,drone_1,drone_3
366,drone_0,drone_1
366,drone_0,drone_3
366,drone_1,drone_3
367,drone_0,drone_1
367,drone_0,drone_3
367,drone_1,drone_3
368,drone_0,drone_1
368,drone_0,drone_3
368,drone_1,drone_3
369,drone_0,drone_1
369,drone_0,drone_3
369,drone_1,drone_3
370,drone_0,drone_3
371,drone_0,drone_3
372,drone_0,drone_3
373,drone_0,drone_3
374,drone_0,drone_3
375,drone_0,drone_3
376,drone_0,drone_3
377,drone_0,drone_3
378,drone_0,drone_3
379,drone_0,drone_3
380,drone_0,drone_3
381,drone_0,drone_3
382,drone_0,drone_3
383,drone_0,drone_3
384,drone_0,drone_3
385,drone_0,drone_3
386,drone_0,drone_3
387,drone_0,drone_3
388,drone_0,drone_3
389,drone_0,drone_3
390,drone_0,drone_3
391,drone_0,drone_3
392,drone_0,drone_3
393,drone_0,drone_3
394,drone_0,drone_3
395,drone_0,drone_3
396,drone_0,drone_3
397,drone_0,drone_3
398,drone_0,drone_3
399,drone_0,drone_3
400,drone_0,drone_3
401,drone_0,drone_3
402,drone_0,drone_3
403,drone_0,drone_3
404,drone_0,drone_3
405,drone_0,drone_3
406,drone_0,drone_3
407,drone_0,drone_3
408,drone_0,drone_3
409,drone_0,drone_3
410,drone_0,drone_3
411,drone_0,drone_3
412,drone_0,drone_3
413,drone_0,drone_3
414,drone_0,drone_3
415,drone_0,drone_3
416,drone_0,drone_3
417,drone_0,drone_3
418,drone_0,drone_3
419,drone_0,drone_3
420,drone_0,drone_3
421,drone_0,drone_3
422,drone_0,drone_3
423,drone_0,drone_3
424,drone_0,drone_3
425,drone_0,drone_3
426,drone_0,drone_3
427,drone_0,drone_3
428,drone_0,drone_3
429,drone_0,drone_3
430,drone_0,drone_3
432,drone_0,drone_3
434,drone_0,drone_3
436,drone_0,drone_3
438,drone_0,drone_3
440,drone_0,drone_3
442,drone_0,drone_3
444,drone_0,drone_3
446,drone_0,drone_3
448,drone_0,drone_3
450,drone_0,drone_3
452,drone_0,drone_3
454,drone_0,drone_3
456,drone_0,drone_3
501,drone_0,drone_4
502,drone_0,drone_4
503,drone_0,drone_4
504,drone_0,drone_1
504,drone_0,drone_4
505,drone_0,drone_1
505,drone_0,drone_4
505,drone_1,drone_4
506,drone_0,drone_1
506,drone_0,drone_4
506,drone_1,drone_4
507,drone_0,drone_1
507,drone_0,drone_4
508,drone_0,drone_4
509,drone_0,drone_4
510,drone_0,drone_1
510,drone_0,drone_4
511,drone_0,drone_1
511,drone_0,drone_4
512,drone_0,drone_1
512,drone_0,drone_4
513,drone_0,drone_1
513,drone_0,drone_4
513,drone_1,drone_4
514,drone_0,drone_1
514,drone_0,drone_4
514,drone_1,drone_4
515,drone_0,drone_1
515,drone_0,drone_4
515,drone_1,drone_4
516,drone_0,drone_1
516,drone_0,drone_4
516,drone_1,drone_4
517,drone_0,drone_1
517,drone_0,drone_4
518,drone_0,drone_1
518,drone_0,drone_4
519,drone_0,drone_1
519,drone_0,drone_4
519,drone_1,drone_3
520,drone_0,drone_1
520,drone_0,drone_4
521,drone_0,drone_1
521,drone_0,drone_4
521,drone_1,drone_3
522,drone_0,drone_1
522,drone_0,drone_4
523,drone_0,drone_1
523,drone_0,drone_4
523,drone_1,drone_3
524,drone_0,drone_1
524,drone_0,drone_4
525,drone_0,drone_1
525,drone_0,drone_4
525,drone_1,drone_3
526,drone_0,drone_1
526,drone_0,drone_4
527,drone_0,drone_1
527,drone_0,drone_4
527,drone_1,drone_3
528,drone_0,drone_1
528,drone_0,drone_4
529,drone_0,drone_1
529,drone_0,drone_4
529,drone_1,drone_3
530,drone_0,drone_1
530,drone_0,drone_4
531,drone_0,drone_1
531,drone_0,drone_4
531,drone_1,drone_3
532,drone_0,drone_1
532,drone_0,drone_4
533,drone_0,drone_1
533,drone_0,drone_4
533,drone_1,drone_3
534,drone_0,drone_1
534,drone_0,drone_4
535,drone_0,drone_1
535,drone_0,drone_4
535,drone_1,drone_3
536,drone_0,drone_1
536,drone_0,drone_4
537,drone_0,drone_1
537,drone_0,drone_4
538,drone_0,drone_1
538,drone_0,drone_4
539,drone_0,drone_1
539,drone_0,drone_4
539,drone_1,drone_3
540,drone_0,drone_1
540,drone_0,drone_4
541,drone_0,drone_1
541,drone_0,drone_4
541,drone_1,drone_3
542,drone_0,drone_1
542,drone_0,drone_4
543,drone_0,drone_1
543,drone_0,drone_4
543,drone_1,drone_3
544,drone_0,drone_1
544,drone_0,drone_4
545,drone_0,drone_1
545,drone_0,drone_4
545,drone_1,drone_3
546,drone_0,drone_1
546,drone_0,drone_4
547,drone_0,drone_1
547,drone_0,drone_4
547,drone_1,drone_3
548,drone_0,drone_1
548,drone_0,drone_4
549,drone_0,drone_1
549,drone_0,drone_4
549,drone_1,drone_3
550,drone_0,drone_1
550,drone_0,drone_4
551,drone_0,drone_1
551,drone_0,drone_4
551,drone_1,drone_3
552,drone_0,drone_1
552,drone_0,drone_4
553,drone_0,drone_1
553,drone_0,drone_4
553,drone_1,drone_3
554,drone_0,drone_1
554,drone_0,drone_4
555,drone_0,drone_1
555,drone_0,drone_4
555,drone_1,drone_3
556,drone_0,drone_1
556,drone_0,drone_4
557,drone_0,drone_1
557,drone_0,drone_4
557,drone_1,drone_3
558,drone_0,drone_1
558,drone_0,drone_4
558,drone_1,drone_4
559,drone_0,drone_1
559,drone_0,drone_4
559,drone_1,drone_3
560,drone_0,drone_1
560,drone_0,drone_4
560,drone_1,drone_4
561,drone_0,drone_1
561,drone_0,drone_4
561,drone_1,drone_3
562,drone_0,drone_1
562,drone_0,drone_4
562,drone_1,drone_4
563,drone_0,drone_1
563,drone_0,drone_3
563,drone_0,drone_4
563,drone_1,drone_3
564,drone_0,drone_1
564,drone_0,drone_3
564,drone_0,drone_4
564,drone_1,drone_4
565,drone_0,drone_1
565,drone_0,drone_3
565,drone_1,drone_3
566,drone_0,drone_1
566,drone_0,drone_3
566,drone_1,drone_4
567,drone_0,drone_1
567,drone_0,drone_3
567,drone_1,drone_3
568,drone_0,drone_1
568,drone_0,drone_3
568,drone_1,drone_2
568,drone_1,drone_4
569,drone_0,drone_1
569,drone_0,drone_3
569,drone_1,drone_2
569,drone_1,drone_3
570,drone_0,drone_1
570,drone_0,drone_3
570,drone_1,drone_2
570,drone_1,drone_3
571,drone_0,drone_1
571,drone_0,drone_3
571,drone_1,drone_2
571,drone_1,drone_3
572,drone_0,drone_1
572,drone_0,drone_3
572,drone_1,drone_2
572,drone_1,drone_3
573,drone_0,drone_1
573,drone_0,drone_3
573,drone_1,drone_2
573,drone_1,drone_3
574,drone_0,drone_1
574,drone_0,drone_3
574,drone_1,drone_2
574,drone_1,drone_3
574,drone_2,drone_3
575,drone_0,drone_1
575,drone_0,drone_3
575,drone_1,drone_2
575,drone_1,drone_3
575,drone_2,drone_3
576,drone_0,drone_1
576,drone_0,drone_3
576,drone_1,drone_2
576,drone_1,drone_3
576,drone_2,drone_3
577,drone_0,drone_1
577,drone_0,drone_3
577,drone_1,drone_2
577,drone_1,drone_3
577,drone_2,drone_3
578,drone_0,drone_1
578,drone_0,drone_3
578,drone_1,drone_2
578,drone_1,drone_3
578,drone_2,drone_3
579,drone_0,drone_3
579,drone_1,drone_2
579,drone_1,drone_3
579,drone_2,drone_3
580,drone_0,drone_4
580,drone_1,drone_2
580,drone_1,drone_3
580,drone_2,drone_3
581,drone_0,drone_4
581,drone_1,drone_2
581,drone_1,drone_3
581,drone_2,drone_3
582,drone_0,drone_4
582,drone_1,drone_2
582,drone_1,drone_3
582,drone_2,drone_3
583,drone_0,drone_4
583,drone_1,drone_2
583,drone_1,drone_3
583,drone_2,drone_3
584,drone_0,drone_4
584,drone_1,drone_2
584,drone_1,drone_3
584,drone_2,drone_3
585,drone_0,drone_4
585,drone_1,drone_2
585,drone_1,drone_3
585,drone_2,drone_3
586,drone_0,drone_4
586,drone_1,drone_2
586,drone_1,drone_3
586,drone_2,drone_3
587,drone_0,drone_4
587,drone_1,drone_2
587,drone_1,drone_3
587,drone_2,drone_3
588,drone_0,drone_4
588,drone_1,drone_2
588,drone_1,drone_3
588,drone_2,drone_3
589,drone_0,drone_4
589,drone_1,drone_2
589,drone_1,drone_3
589,drone_2,drone_3
590,drone_0,drone_4
590,drone_1,drone_2
590,drone_1,drone_3
590,drone_2,drone_3
591,drone_0,drone_4
591,drone_1,drone_2
591,drone_1,drone_3
591,drone_2,drone_3
592,drone_0,drone_4
592,drone_1,drone_2
592,drone_1,drone_3
592,drone_2,drone_3
593,drone_0,drone_4
593,drone_1,drone_2
593,drone_1,drone_3
593,drone_2,drone_3
594,drone_0,drone_4
594,drone_1,drone_2
594,drone_1,drone_3
594,drone_2,drone_3
595,drone_0,drone_4
595,drone_1,drone_2
595,drone_1,drone_3
595,drone_2,drone_3
596,drone_0,drone_4
596,drone_1,drone_2
596,drone_1,drone_3
596,drone_2,drone_3
597,drone_0,drone_4
597,drone_1,drone_2
597,drone_1,drone_3
597,drone_2,drone_3
598,drone_0,drone_4
598,drone_1,drone_2
598,drone_2,drone_3
599,drone_0,drone_4
599,drone_1,drone_2
599,drone_2,drone_3
600,drone_0,drone_4
600,drone_1,drone_2
600,drone_2,drone_3
601,drone_0,drone_4
601,drone_1,drone_2
601,drone_2,drone_3
602,drone_0,drone_4
602,drone_1,drone_2
602,drone_2,drone_3
603,drone_0,drone_4
603,drone_1,drone_2
603,drone_2,drone_3
604,drone_0,drone_4
604,drone_1,drone_2
604,drone_2,drone_3
605,drone_0,drone_4
605,drone_1,drone_2
605,drone_2,drone_3
606,drone_0,drone_4
606,drone_1,drone_2
606,drone_2,drone_3
607,drone_0,drone_4
607,drone_1,drone_2
607,drone_2,drone_3
608,drone_0,drone_4
608,drone_1,drone_2
608,drone_2,drone_3
609,drone_0,drone_4
609,drone_2,drone_3
610,drone_0,drone_4
610,drone_2,drone_3
611,drone_0,drone_4
611,drone_2,drone_3
612,drone_0,drone_4
612,drone_2,drone_3
613,drone_0,drone_4
613,drone_2,drone_3
614,drone_0,drone_4
614,drone_2,drone_3
615,drone_0,drone_4
615,drone_2,drone_3
616,drone_0,drone_4
616,drone_2,drone_3
617,drone_0,drone_4
617,drone_2,drone_3
618,drone_0,drone_4
618,drone_2,drone_3
619,drone_0,drone_4
619,drone_2,drone_3
620,drone_0,drone_4
620,drone_2,drone_3
621,drone_0,drone_4
621,drone_2,drone_3
622,drone_0,drone_4
622,drone_2,drone_3
623,drone_0,drone_4
623,drone_2,drone_3
624,drone_0,drone_4
624,drone_2,drone_3
625,drone_0,drone_4
625,drone_2,drone_3
626,drone_0,drone_4
626,drone_2,drone_3
627,drone_0,drone_4
627,drone_1,drone_2
627,drone_2,drone_3
628,drone_0,drone_4
628,drone_1,drone_2
628,drone_2,drone_3
629,drone_0,drone_4
629,drone_1,drone_2
629,drone_2,drone_3
630,drone_0,drone_4
630,drone_1,drone_2
630,drone_2,drone_3
631,drone_0,drone_4
631,drone_1,drone_2
631,drone_2,drone_3
632,drone_0,drone_4
632,drone_1,drone_2
632,drone_2,drone_3
633,drone_0,drone_4
633,drone_2,drone_3
634,drone_0,drone_4
634,drone_2,drone_3
635,drone_0,drone_4
635,drone_2,drone_3
636,drone_0,drone_4
636,drone_2,drone_3
637,drone_0,drone_4
637,drone_2,drone_3
638,drone_0,drone_4
638,drone_2,drone_3
639,drone_0,drone_4
639,drone_2,drone_3
640,drone_0,drone_4
640,drone_2,drone_3
641,drone_0,drone_4
641,drone_2,drone_3
642,drone_0,drone_4
642,drone_2,drone_3
643,drone_0,drone_4
643,drone_2,drone_3
644,drone_0,drone_4
644,drone_2,drone_3
645,drone_0,drone_4
645,drone_2,drone_3
646,drone_0,drone_4
646,drone_2,drone_3
647,drone_0,drone_4
647,drone_2,drone_3
648,drone_0,drone_4
648,drone_2,drone_3
649,drone_0,drone_4
649,drone_2,drone_3
650,drone_0,drone_4
650,drone_2,drone_3
651,drone_0,drone_4
651,drone_2,drone_3
652,drone_0,drone_4
652,drone_2,drone_3
653,drone_0,drone_4
653,drone_2,drone_3
654,drone_0,drone_4
654,drone_2,drone_3
655,drone_0,drone_4
655,drone_2,drone_3
656,drone_0,drone_4
656,drone_2,drone_3
657,drone_0,drone_4
657,drone_2,drone_3
658,drone_0,drone_4
658,drone_2,drone_3
659,drone_0,drone_4
659,drone_2,drone_3
660,drone_0,drone_4
660,drone_2,drone_3
661,drone_0,drone_4
661,drone_2,drone_3
662,drone_0,drone_4
662,drone_2,drone_3
663,drone_0,drone_4
663,drone_2,drone_3
664,drone_0,drone_4
664,drone_2,drone_3
665,drone_0,drone_4
665,drone_2,drone_3
666,drone_0,drone_4
666,drone_2,drone_3
667,drone_0,drone_4
667,drone_2,drone_3
668,drone_2,drone_3
669,drone_2,drone_3
670,drone_2,drone_3
671,drone_2,drone_3
672,drone_2,drone_3
673,drone_2,drone_3
674,drone_2,drone_3
675,drone_2,drone_3
676,drone_2,drone_3
677,drone_2,drone_3
678,drone_2,drone_3
679,drone_2,drone_3
680,drone_2,drone_3
681,drone_2,drone_3
682,drone_2,drone_3
683,drone_2,drone_3
684,drone_2,drone_3
685,drone_2,drone_3
686,drone_2,drone_3
687,drone_2,drone_3
688,drone_2,drone_3
689,drone_2,drone_3
690,drone_2,drone_3
691,drone_2,drone_3
692,drone_2,drone_3
693,drone_2,drone_3
694,drone_2,drone_3
695,drone_2,drone_3
696,drone_2,drone_3
697,drone_2,drone_3
698,drone_2,drone_3
699,drone_2,drone_3
700,drone_1,drone_3
700,drone_2,drone_3
701,drone_1,drone_3
701,drone_2,drone_3
702,drone_1,drone_3
702,drone_2,drone_3
703,drone_1,drone_3
703,drone_2,drone_3
704,drone_1,drone_3
704,drone_2,drone_3
705,drone_1,drone_3
705,drone_2,drone_3
706,drone_1,drone_3
706,drone_2,drone_3
707,drone_1,drone_3
708,drone_1,drone_3
709,drone_1,drone_3
710,drone_1,drone_3
711,drone_1,drone_3
712,drone_1,drone_3
713,drone_1,drone_3
714,drone_1,drone_3
715,drone_1,drone_3
716,drone_1,drone_3
717,drone_1,drone_3
718,drone_1,drone_3
719,drone_1,drone_3
720,drone_1,drone_3
721,drone_1,drone_3
722,drone_1,drone_3
723,drone_1,drone_3
724,drone_1,drone_3
725,drone_1,drone_3
726,drone_1,drone_3
727,drone_1,drone_3
728,drone_1,drone_3
729,drone_1,drone_3
729,drone_3,drone_4
730,drone_1,drone_3
731,drone_1,drone_3
731,drone_3,drone_4
732,drone_1,drone_3
733,drone_1,drone_3
733,drone_3,drone_4
734,drone_1,drone_3
735,drone_1,drone_3
735,drone_3,drone_4
736,drone_1,drone_3
737,drone_1,drone_3
737,drone_3,drone_4
738,drone_1,drone_3
739,drone_0,drone_2
739,drone_1,drone_3
739,drone_3,drone_4
740,drone_0,drone_2
740,drone_1,drone_3
741,drone_0,drone_2
741,drone_1,drone_3
741,drone_3,drone_4
742,drone_0,drone_2
742,drone_1,drone_3
743,drone_0,drone_2
743,drone_1,drone_3
743,drone_3,drone_4
744,drone_0,drone_2
744,drone_1,drone_3
745,drone_0,drone_2
745,drone_1,drone_3
745,drone_3,drone_4
746,drone_0,drone_2
746,drone_1,drone_3
747,drone_0,drone_2
747,drone_1,drone_3
747,drone_3,drone_4
748,drone_0,drone_2
748,drone_1,drone_3
749,drone_0,drone_2
749,drone_1,drone_3
749,drone_3,drone_4
750,drone_0,drone_2
750,drone_1,drone_3
751,drone_0,drone_2
751,drone_1,drone_3
751,drone_3,drone_4
752,drone_0,drone_2
752,drone_1,drone_3
753,drone_0,drone_2
753,drone_1,drone_3
753,drone_3,drone_4
754,drone_0,drone_2
754,drone_1,drone_3
755,drone_0,drone_2
755,drone_1,drone_3
755,drone_3,drone_4
756,drone_0,drone_2
756,drone_1,drone_3
757,drone_0,drone_2
757,drone_1,drone_3
757,drone_3,drone_4
758,drone_0,drone_2
758,drone_1,drone_3
759,drone_0,drone_2
759,drone_1,drone_3
759,drone_3,drone_4
760,drone_0,drone_2
760,drone_1,drone_3
761,drone_0,drone_2
761,drone_1,drone_3
761,drone_3,drone_4
762,drone_0,drone_2
762,drone_1,drone_3
763,drone_0,drone_2
763,drone_1,drone_3
763,drone_3,drone_4
764,drone_0,drone_2
764,drone_1,drone_3
765,drone_0,drone_2
765,drone_1,drone_3
765,drone_3,drone_4
766,drone_0,drone_2
766,drone_1,drone_3
767,drone_0,drone_2
767,drone_1,drone_3
767,drone_3,drone_4
768,drone_0,drone_2
768,drone_1,drone_3
769,drone_0,drone_2
769,drone_1,drone_3
769,drone_3,drone_4
770,drone_0,drone_2
770,drone_1,drone_3
771,drone_0,drone_2
771,drone_1,drone_3
771,drone_3,drone_4
772,drone_0,drone_2
772,drone_1,drone_3
773,drone_0,drone_2
773,drone_1,drone_3
773,drone_3,drone_4
774,drone_0,drone_2
774,drone_1,drone_3
774,drone_3,drone_4
775,drone_0,drone_2
775,drone_1,drone_3
775,drone_3,drone_4
776,drone_0,drone_2
776,drone_1,drone_3
776,drone_3,drone_4
777,drone_0,drone_2
777,drone_1,drone_3
777,drone_3,drone_4
778,drone_0,drone_2
778,drone_1,drone_3
778,drone_3,drone_4
779,drone_0,drone_2
779,drone_1,drone_3
779,drone_3,drone_4
780,drone_0,drone_2
780,drone_1,drone_3
780,drone_3,drone_4
781,drone_0,drone_2
781,drone_1,drone_3
781,drone_3,drone_4
782,drone_0,drone_2
782,drone_1,drone_3
782,drone_3,drone_4
783,drone_0,drone_2
783,drone_1,drone_3
783,drone_3,drone_4
784,drone_0,drone_2
784,drone_1,drone_3
784,drone_3,drone_4
785,drone_0,drone_2
785,drone_1,drone_3
785,drone_3,drone_4
786,drone_0,drone_2
786,drone_1,drone_3
786,drone_3,drone_4
787,drone_0,drone_2
787,drone_1,drone_3
787,drone_3,drone_4
788,drone_0,drone_2
788,drone_1,drone_3
788,drone_3,drone_4
789,drone_0,drone_2
789,drone_1,drone_3
789,drone_3,drone_4
790,drone_0,drone_2
790,drone_1,drone_3
790,drone_3,drone_4
791,drone_0,drone_2
791,drone_1,drone_3
791,drone_3,drone_4
792,drone_0,drone_2
792,drone_1,drone_3
792,drone_3,drone_4
793,drone_0,drone_2
793,drone_1,drone_3
793,drone_3,drone_4
794,drone_0,drone_2
794,drone_1,drone_3
794,drone_3,drone_4
795,drone_0,drone_2
795,drone_1,drone_3
795,drone_3,drone_4
796,drone_0,drone_2
796,drone_1,drone_3
796,drone_3,drone_4
797,drone_0,drone_2
797,drone_1,drone_3
797,drone_3,drone_4
798,drone_0,drone_2
798,drone_1,drone_3
798,drone_3,drone_4
799,drone_0,drone_2
799,drone_3,drone_4
800,drone_0,drone_2
800,drone_3,drone_4
801,drone_0,drone_2
801,drone_3,drone_4
802,drone_0,drone_2
802,drone_3,drone_4
803,drone_0,drone_2
803,drone_3,drone_4
804,drone_0,drone_2
804,drone_3,drone_4
805,drone_0,drone_2
805,drone_3,drone_4
806,drone_0,drone_2
806,drone_3,drone_4
807,drone_0,drone_2
807,drone_2,drone_3
807,drone_3,drone_4
808,drone_0,drone_2
808,drone_2,drone_3
808,drone_3,drone_4
809,drone_0,drone_2
809,drone_1,drone_4
809,drone_2,drone_3
809,drone_3,drone_4
810,drone_0,drone_2
810,drone_1,drone_4
810,drone_2,drone_3
810,drone_3,drone_4
811,drone_0,drone_2
811,drone_1,drone_4
811,drone_2,drone_3
811,drone_3,drone_4
812,drone_0,drone_2
812,drone_1,drone_4
812,drone_2,drone_3
812,drone_3,drone_4
813,drone_0,drone_2
813,drone_1,drone_4
813,drone_2,drone_3
813,drone_3,drone_4
814,drone_0,drone_2
814,drone_1,drone_4
814,drone_2,drone_3
814,drone_3,drone_4
815,drone_0,drone_2
815,drone_1,drone_4
815,drone_2,drone_3
815,drone_3,drone_4
816,drone_0,drone_2
816,drone_1,drone_4
816,drone_2,drone_3
816,drone_3,drone_4
817,drone_0,drone_2
817,drone_1,drone_4
817,drone_2,drone_3
817,drone_3,drone_4
818,drone_0,drone_2
818,drone_1,drone_4
818,drone_2,drone_3
818,drone_3,drone_4
819,drone_1,drone_4
819,drone_2,drone_3
819,drone_3,drone_4
820,drone_1,drone_4
820,drone_2,drone_3
820,drone_3,drone_4
821,drone_1,drone_4
821,drone_2,drone_3
821,drone_3,drone_4
822,drone_1,drone_4
822,drone_2,drone_3
822,drone_3,drone_4
823,drone_1,drone_4
823,drone_2,drone_3
823,drone_3,drone_4
824,drone_1,drone_4
824,drone_2,drone_3
824,drone_3,drone_4
825,drone_1,drone_4
825,drone_2,drone_3
825,drone_3,drone_4
826,drone_1,drone_4
826,drone_2,drone_3
826,drone_3,drone_4
827,drone_1,drone_4
827,drone_2,drone_3
827,drone_3,drone_4
828,drone_1,drone_4
828,drone_2,drone_3
828,drone_3,drone_4
829,drone_1,drone_4
829,drone_2,drone_3
829,drone_3,drone_4
830,drone_1,drone_4
830,drone_2,drone_3
830,drone_3,drone_4
831,drone_1,drone_4
831,drone_2,drone_3
831,drone_3,drone_4
832,drone_1,drone_4
832,drone_2,drone_3
832,drone_3,drone_4
833,drone_1,drone_4
833,drone_2,drone_3
833,drone_3,drone_4
834,drone_1,drone_4
834,drone_2,drone_3
834,drone_3,drone_4
835,drone_1,drone_4
835,drone_2,drone_3
835,drone_3,drone_4
836,drone_1,drone_4
836,drone_2,drone_3
836,drone_3,drone_4
837,drone_1,drone_4
837,drone_2,drone_3
838,drone_1,drone_4
838,drone_2,drone_3
838,drone_3,drone_4
839,drone_1,drone_4
839,drone_2,drone_3
840,drone_1,drone_4
840,drone_2,drone_3
840,drone_3,drone_4
841,drone_1,drone_4
841,drone_2,drone_3
842,drone_1,drone_4
842,drone_2,drone_3
843,drone_1,drone_4
843,drone_2,drone_3
844,drone_1,drone_4
844,drone_2,drone_3
845,drone_1,drone_4
845,drone_2,drone_3
846,drone_1,drone_4
846,drone_2,drone_3
847,drone_1,drone_4
847,drone_2,drone_3
848,drone_1,drone_4
848,drone_2,drone_3
849,drone_1,drone_4
849,drone_2,drone_3
850,drone_1,drone_4
850,drone_2,drone_3
851,drone_1,drone_4
851,drone_2,drone_3
852,drone_1,drone_4
852,drone_2,drone_3
853,drone_1,drone_4
853,drone_2,drone_3
854,drone_1,drone_4
854,drone_2,drone_3
855,drone_0,drone_2
855,drone_1,drone_4
855,drone_2,drone_3
856,drone_0,drone_2
856,drone_1,drone_4
856,drone_2,drone_3
857,drone_0,drone_2
857,drone_1,drone_4
857,drone_2,drone_3
858,drone_1,drone_4
858,drone_2,drone_3
859,drone_1,drone_4
859,drone_2,drone_3
860,drone_1,drone_4
860,drone_2,drone_3
861,drone_1,drone_4
861,drone_2,drone_3
862,drone_1,drone_4
862,drone_2,drone_3
863,drone_1,drone_4
863,drone_2,drone_3
864,drone_1,drone_4
864,drone_2,drone_3
865,drone_1,drone_4
865,drone_2,drone_3
866,drone_0,drone_4
866,drone_1,drone_4
866,drone_2,drone_3
867,drone_0,drone_4
867,drone_2,drone_3
868,drone_0,drone_4
868,drone_2,drone_3
869,drone_0,drone_4
869,drone_2,drone_3
870,drone_0,drone_4
870,drone_2,drone_3
871,drone_0,drone_4
871,drone_2,drone_3
872,drone_0,drone_4
872,drone_2,drone_3
873,drone_0,drone_4
873,drone_2,drone_3
874,drone_0,drone_4
874,drone_2,drone_3
875,drone_0,drone_4
875,drone_2,drone_3
876,drone_0,drone_4
876,drone_2,drone_3
877,drone_0,drone_4
877,drone_2,drone_3
878,drone_0,drone_4
878,drone_2,drone_3
879,drone_0,drone_4
879,drone_2,drone_3
880,drone_0,drone_4
880,drone_2,drone_3
881,drone_0,drone_4
881,drone_2,drone_3
882,drone_0,drone_4
882,drone_2,drone_3
883,drone_0,drone_4
883,drone_2,drone_3
884,drone_0,drone_4
884,drone_2,drone_3
885,drone_0,drone_4
885,drone_2,drone_3
886,drone_0,drone_4
886,drone_2,drone_3
887,drone_0,drone_4
887,drone_2,drone_3
888,drone_0,drone_4
888,drone_2,drone_3
889,drone_0,drone_4
889,drone_2,drone_3
890,drone_0,drone_4
890,drone_2,drone_3
891,drone_0,drone_4
891,drone_2,drone_3
892,drone_0,drone_4
892,drone_2,drone_3
893,drone_0,drone_4
893,drone_2,drone_3
894,drone_0,drone_4
894,drone_2,drone_3
895,drone_0,drone_4
895,drone_2,drone_3
896,drone_0,drone_4
896,drone_2,drone_3
897,drone_0,drone_4
897,drone_2,drone_3
898,drone_0,drone_4
898,drone_2,drone_3
899,drone_0,drone_4
899,drone_2,drone_3
900,drone_0,drone_4
900,drone_2,drone_3
901,drone_0,drone_4
901,drone_2,drone_3
902,drone_0,drone_4
902,drone_2,drone_3
903,drone_0,drone_4
903,drone_2,drone_3
904,drone_0,drone_4
904,drone_2,drone_3
905,drone_0,drone_4
905,drone_2,drone_3
906,drone_0,drone_4
906,drone_2,drone_3
907,drone_0,drone_4
907,drone_2,drone_3
908,drone_0,drone_4
908,drone_2,drone_3
909,drone_0,drone_4
909,drone_2,drone_3
910,drone_0,drone_4
910,drone_2,drone_3
911,drone_0,drone_4
911,drone_2,drone_3
912,drone_0,drone_4
912,drone_2,drone_3
913,drone_0,drone_4
913,drone_2,drone_3
914,drone_0,drone_4
914,drone_2,drone_3
915,drone_0,drone_4
915,drone_2,drone_3
916,drone_0,drone_4
916,drone_2,drone_3
917,drone_0,drone_4
917,drone_2,drone_3
918,drone_0,drone_4
918,drone_2,drone_3
919,drone_0,drone_4
919,drone_2,drone_3
920,drone_0,drone_4
920,drone_2,drone_3
921,drone_0,drone_4
921,drone_2,drone_3
922,drone_0,drone_4
922,drone_2,drone_3
923,drone_0,drone_4
924,drone_0,drone_4
925,drone_0,drone_4
926,drone_0,drone_4
927,drone_0,drone_4
927,drone_1,drone_2
928,drone_0,drone_4
928,drone_2,drone_3
929,drone_0,drone_4
929,drone_1,drone_2
929,drone_2,drone_3
930,drone_0,drone_4
930,drone_2,drone_3
931,drone_0,drone_4
931,drone_1,drone_2
931,drone_2,drone_3
932,drone_0,drone_4
932,drone_2,drone_3
933,drone_0,drone_4
933,drone_1,drone_2
933,drone_2,drone_3
934,drone_0,drone_4
934,drone_2,drone_3
935,drone_0,drone_4
935,drone_1,drone_2
935,drone_2,drone_3
936,drone_0,drone_4
936,drone_2,drone_3
937,drone_0,drone_4
937,drone_1,drone_2
937,drone_2,drone_3
938,drone_0,drone_4
938,drone_2,drone_3
939,drone_0,drone_4
939,drone_2,drone_3
940,drone_0,drone_4
940,drone_2,drone_3
941,drone_0,drone_4
941,drone_1,drone_2
941,drone_2,drone_3
942,drone_0,drone_4
942,drone_2,drone_3
943,drone_0,drone_4
943,drone_1,drone_2
943,drone_2,drone_3
944,drone_0,drone_4
944,drone_2,drone_3
945,drone_0,drone_4
945,drone_1,drone_2
945,drone_2,drone_3
946,drone_0,drone_4
946,drone_2,drone_3
947,drone_0,drone_4
947,drone_1,drone_2
947,drone_2,drone_3
948,drone_0,drone_4
948,drone_1,drone_2
948,drone_2,drone_3
949,drone_0,drone_4
949,drone_1,drone_2
949,drone_2,drone_3
950,drone_0,drone_4
950,drone_1,drone_2
950,drone_1,drone_3
950,drone_2,drone_3
951,drone_0,drone_4
951,drone_1,drone_2
951,drone_1,drone_3
951,drone_2,drone_3
952,drone_0,drone_4
952,drone_1,drone_2
952,drone_1,drone_3
952,drone_2,drone_3
953,drone_0,drone_4
953,drone_1,drone_2
953,drone_1,drone_3
953,drone_2,drone_3
954,drone_0,drone_4
954,drone_1,drone_2
954,drone_1,drone_3
954,drone_2,drone_3
955,drone_0,drone_4
955,drone_1,drone_2
955,drone_1,drone_3
955,drone_2,drone_3
956,drone_0,drone_4
956,drone_1,drone_2
956,drone_1,drone_3
956,drone_2,drone_3
957,drone_0,drone_4
957,drone_1,drone_2
957,drone_1,drone_3
957,drone_2,drone_3
958,drone_0,drone_4
958,drone_1,drone_2
958,drone_1,drone_3
958,drone_2,drone_3
959,drone_0,drone_4
959,drone_1,drone_2
959,drone_1,drone_3
959,drone_2,drone_3
960,drone_0,drone_4
960,drone_1,drone_2
960,drone_1,drone_3
960,drone_2,drone_3
961,drone_0,drone_4
961,drone_1,drone_2
961,drone_1,drone_3
961,drone_2,drone_3
962,drone_0,drone_4
962,drone_1,drone_2
962,drone_1,drone_3
962,drone_2,drone_3
963,drone_0,drone_4
963,drone_1,drone_2
963,drone_1,drone_3
963,drone_2,drone_3
964,drone_0,drone_4
964,drone_1,drone_2
964,drone_1,drone_3
964,drone_2,drone_3
965,drone_0,drone_4
965,drone_1,drone_2
965,drone_1,drone_3
965,drone_2,drone_3
966,drone_0,drone_4
966,drone_1,drone_2
966,drone_1,drone_3
966,drone_2,drone_3
967,drone_0,drone_4
967,drone_1,drone_2
967,drone_1,drone_3
967,drone_2,drone_3
968,drone_0,drone_4
968,drone_1,drone_2
968,drone_1,drone_3
968,drone_2,drone_3
969,drone_0,drone_4
969,drone_1,drone_2
969,drone_1,drone_3
969,drone_2,drone_3
970,drone_0,drone_4
970,drone_1,drone_2
970,drone_1,drone_3
970,drone_2,drone_3
971,drone_0,drone_4
971,drone_1,drone_2
971,drone_1,drone_3
971,drone_2,drone_3
972,drone_0,drone_4
972,drone_1,drone_2
972,drone_1,drone_3
972,drone_2,drone_3
973,drone_0,drone_4
973,drone_1,drone_2
973,drone_1,drone_3
973,drone_2,drone_3
974,drone_0,drone_4
974,drone_1,drone_2
974,drone_1,drone_3
974,drone_2,drone_3
975,drone_0,drone_4
975,drone_1,drone_2
975,drone_1,drone_3
975,drone_2,drone_3
976,drone_0,drone_4
976,drone_1,drone_2
976,drone_1,drone_3
976,drone_2,drone_3
977,drone_0,drone_4
977,drone_1,drone_2
977,drone_1,drone_3
977,drone_2,drone_3
978,drone_0,drone_4
978,drone_1,drone_2
978,drone_2,drone_3
979,drone_0,drone_4
979,drone_1,drone_2
979,drone_2,drone_3
980,drone_0,drone_4
980,drone_2,drone_3
981,drone_0,drone_4
981,drone_2,drone_3
982,drone_0,drone_4
982,drone_2,drone_3
983,drone_0,drone_4
983,drone_2,drone_3
984,drone_0,drone_4
984,drone_2,drone_3
985,drone_0,drone_4
985,drone_1,drone_3
985,drone_2,drone_3
986,drone_0,drone_4
986,drone_1,drone_3
986,drone_2,drone_3
987,drone_0,drone_4
987,drone_1,drone_3
987,drone_2,drone_3
988,drone_0,drone_4
988,drone_1,drone_3
988,drone_2,drone_3
989,drone_0,drone_4
989,drone_1,drone_3
989,drone_2,drone_3
990,drone_0,drone_4
990,drone_1,drone_3
990,drone_2,drone_3
991,drone_0,drone_4
991,drone_1,drone_3
991,drone_2,drone_3
992,drone_0,drone_4
992,drone_1,drone_3
992,drone_2,drone_3
993,drone_0,drone_4
993,drone_1,drone_3
993,drone_2,drone_3
994,drone_0,drone_4
994,drone_1,drone_3
994,drone_2,drone_3
995,drone_0,drone_4
995,drone_1,drone_2
995,drone_1,drone_3
995,drone_2,drone_3
996,drone_0,drone_4
996,drone_1,drone_2
996,drone_1,drone_3
996,drone_2,drone_3
997,drone_0,drone_4
997,drone_1,drone_2
997,drone_1,drone_3
997,drone_2,drone_3
998,drone_0,drone_4
998,drone_1,drone_2
998,drone_1,drone_3
998,drone_2,drone_3
999,drone_0,drone_4
999,drone_1,drone_2
999,drone_1,drone_3
999,drone_2,drone_3
1000,drone_0,drone_4
1000,drone_1,drone_2
1000,drone_1,drone_3
1000,drone_2,drone_3
1001,drone_0,drone_4
1001,drone_1,drone_2
1001,drone_1,drone_3
1001,drone_2,drone_3
1002,drone_0,drone_4
1002,drone_1,drone_2
1002,drone_1,drone_3
1002,drone_2,drone_3
1003,drone_0,drone_4
1003,drone_1,drone_2
1003,drone_1,drone_3
1003,drone_2,drone_3
1004,drone_0,drone_4
1004,drone_1,drone_2
1004,drone_1,drone_3
1004,drone_2,drone_3
1005,drone_0,drone_4
1005,drone_1,drone_2
1005,drone_1,drone_3
1005,drone_2,drone_3
1006,drone_0,drone_4
1006,drone_1,drone_2
1006,drone_1,drone_3
1006,drone_2,drone_3
1007,drone_0,drone_4
1007,drone_1,drone_2
1007,drone_2,drone_3
1008,drone_0,drone_4
1008,drone_1,drone_2
1008,drone_2,drone_3
1009,drone_0,drone_4
1009,drone_1,drone_2
1009,drone_2,drone_3
1010,drone_0,drone_4
1010,drone_1,drone_2
1010,drone_2,drone_3
1011,drone_0,drone_4
1011,drone_1,drone_2
1011,drone_2,drone_3
1012,drone_0,drone_4
1012,drone_1,drone_2
1012,drone_2,drone_3
1013,drone_0,drone_4
1013,drone_1,drone_2
1013,drone_2,drone_3
1014,drone_0,drone_4
1014,drone_1,drone_2
1014,drone_2,drone_3
1015,drone_0,drone_4
1015,drone_1,drone_2
1015,drone_2,drone_3
1016,drone_0,drone_4
1016,drone_1,drone_2
1016,drone_2,drone_3
1017,drone_0,drone_4
1017,drone_1,drone_2
1017,drone_2,drone_3
1018,drone_0,drone_4
1018,drone_1,drone_2
1018,drone_2,drone_3
1019,drone_0,drone_4
1019,drone_1,drone_2
1019,drone_2,drone_3
1020,drone_0,drone_4
1020,drone_1,drone_2
1020,drone_2,drone_3
1021,drone_0,drone_4
1021,drone_1,drone_2
1021,drone_2,drone_3
1022,drone_0,drone_4
1022,drone_1,drone_2
1022,drone_2,drone_3
1023,drone_0,drone_4
1023,drone_1,drone_2
1024,drone_0,drone_4
1024,drone_1,drone_2
1025,drone_0,drone_4
1026,drone_0,drone_4
1027,drone_0,drone_4
1028,drone_0,drone_4
1028,drone_2,drone_3
1029,drone_0,drone_4
1029,drone_2,drone_3
1030,drone_0,drone_4
1030,drone_2,drone_3
1031,drone_0,drone_4
1031,drone_2,drone_3
1032,drone_0,drone_4
1032,drone_2,drone_3
1033,drone_0,drone_4
1034,drone_0,drone_4
1035,drone_0,drone_4
1036,drone_0,drone_4
1036,drone_1,drone_2
1037,drone_0,drone_4
1037,drone_1,drone_2
1038,drone_1,drone_2
1039,drone_1,drone_2
1040,drone_1,drone_2
1041,drone_1,drone_2
1042,drone_1,drone_2
1043,drone_1,drone_2
1043,drone_3,drone_4
1044,drone_1,drone_2
1044,drone_3,drone_4
1045,drone_1,drone_2
1045,drone_3,drone_4
1046,drone_1,drone_2
1046,drone_3,drone_4
1047,drone_1,drone_2
1047,drone_3,drone_4
1048,drone_1,drone_2
1048,drone_3,drone_4
1049,drone_3,drone_4
1050,drone_0,drone_2
1050,drone_3,drone_4
1051,drone_0,drone_1
1051,drone_0,drone_2
1051,drone_1,drone_2
1051,drone_3,drone_4
1052,drone_0,drone_1
1052,drone_0,drone_2
1052,drone_1,drone_2
1052,drone_3,drone_4
1053,drone_0,drone_1
1053,drone_0,drone_2
1053,drone_3,drone_4
1054,drone_0,drone_1
1054,drone_0,drone_2
1054,drone_3,drone_4
1055,drone_0,drone_1
1055,drone_0,drone_2
1055,drone_3,drone_4
1056,drone_0,drone_1
1056,drone_0,drone_2
1056,drone_3,drone_4
1057,drone_0,drone_1
1057,drone_0,drone_2
1057,drone_3,drone_4
1058,drone_0,drone_1
1058,drone_0,drone_2
1058,drone_2,drone_4
1058,drone_3,drone_4
1059,drone_0,drone_1
1059,drone_2,drone_3
1059,drone_2,drone_4
1059,drone_3,drone_4
1060,drone_0,drone_1
1060,drone_2,drone_3
1060,drone_2,drone_4
1060,drone_3,drone_4
1061,drone_0,drone_1
1061,drone_2,drone_3
1061,drone_2,drone_4
1061,drone_3,drone_4
1062,drone_0,drone_1
1062,drone_2,drone_3
1062,drone_2,drone_4
1062,drone_3,drone_4
1063,drone_0,drone_1
1063,drone_2,drone_3
1063,drone_2,drone_4
1063,drone_3,drone_4
1064,drone_0,drone_1
1064,drone_2,drone_3
1064,drone_2,drone_4
1064,drone_3,drone_4
1065,drone_0,drone_1
1065,drone_2,drone_3
1065,drone_2,drone_4
1065,drone_3,drone_4
1066,drone_0,drone_1
1066,drone_2,drone_3
1066,drone_2,drone_4
1066,drone_3,drone_4
1067,drone_0,drone_1
1067,drone_2,drone_3
1067,drone_2,drone_4
1067,drone_3,drone_4
1068,drone_0,drone_1
1068,drone_2,drone_3
1068,drone_2,drone_4
1068,drone_3,drone_4
1069,drone_0,drone_1
1069,drone_2,drone_3
1069,drone_2,drone_4
1069,drone_3,drone_4
1070,drone_0,drone_1
1070,drone_2,drone_3
1070,drone_2,drone_4
1070,drone_3,drone_4
1071,drone_0,drone_1
1071,drone_2,drone_3
1071,drone_2,drone_4
1071,drone_3,drone_4
1072,drone_0,drone_1
1072,drone_2,drone_4
1072,drone_3,drone_4
1073,drone_0,drone_1
1073,drone_2,drone_4
1073,drone_3,drone_4
1074,drone_0,drone_1
1074,drone_2,drone_4
1074,drone_3,drone_4
1075,drone_0,drone_1
1075,drone_2,drone_4
1075,drone_3,drone_4
1076,drone_0,drone_1
1076,drone_2,drone_4
1076,drone_3,drone_4
1077,drone_0,drone_1
1077,drone_2,drone_4
1077,drone_3,drone_4
1078,drone_0,drone_1
1078,drone_2,drone_4
1078,drone_3,drone_4
1079,drone_0,drone_1
1079,drone_2,drone_4
1079,drone_3,drone_4
1080,drone_0,drone_1
1080,drone_2,drone_4
1080,drone_3,drone_4
1081,drone_0,drone_1
1081,drone_2,drone_4
1081,drone_3,drone_4
1082,drone_0,drone_1
1082,drone_2,drone_4
1082,drone_3,drone_4
1083,drone_0,drone_1
1083,drone_2,drone_4
1083,drone_3,drone_4
1084,drone_0,drone_1
1084,drone_3,drone_4
1085,drone_0,drone_1
1085,drone_3,drone_4
1086,drone_0,drone_1
1086,drone_3,drone_4
1087,drone_0,drone_1
1087,drone_3,drone_4
1088,drone_0,drone_1
1088,drone_3,drone_4
1089,drone_0,drone_1
1089,drone_3,drone_4
1090,drone_0,drone_1
1090,drone_3,drone_4
1091,drone_0,drone_1
1091,drone_3,drone_4
1092,drone_0,drone_1
1092,drone_3,drone_4
1093,drone_0,drone_1
1093,drone_3,drone_4
1094,drone_0,drone_1
1094,drone_3,drone_4
1095,drone_0,drone_1
1095,drone_3,drone_4
1096,drone_0,drone_1
1096,drone_3,drone_4
1097,drone_0,drone_1
1097,drone_3,drone_4
1098,drone_0,drone_1
1098,drone_3,drone_4
1099,drone_0,drone_1
1099,drone_3,drone_4
1100,drone_0,drone_1
1100,drone_3,drone_4
1101,drone_0,drone_1
1101,drone_3,drone_4
1102,drone_0,drone_1
1102,drone_3,drone_4
1103,drone_0,drone_1
1103,drone_3,drone_4
1104,drone_0,drone_1
1104,drone_3,drone_4
1105,drone_0,drone_1
1105,drone_3,drone_4
1106,drone_0,drone_1
1106,drone_3,drone_4
1107,drone_0,drone_1
1107,drone_3,drone_4
1108,drone_0,drone_1
1108,drone_3,drone_4
1109,drone_0,drone_1
1109,drone_3,drone_4
1110,drone_0,drone_1
1110,drone_3,drone_4
1111,drone_0,drone_1
1111,drone_3,drone_4
1112,drone_0,drone_1
1112,drone_3,drone_4
1113,drone_0,drone_1
1113,drone_3,drone_4
1114,drone_0,drone_1
1114,drone_3,drone_4
1115,drone_0,drone_1
1115,drone_3,drone_4
1116,drone_0,drone_1
1116,drone_3,drone_4
1117,drone_0,drone_1
1117,drone_3,drone_4
1118,drone_0,drone_1
1118,drone_3,drone_4
1119,drone_0,drone_1
1119,drone_3,drone_4
1120,drone_0,drone_1
1120,drone_3,drone_4
1121,drone_0,drone_1
1121,drone_3,drone_4
1122,drone_0,drone_1
1122,drone_3,drone_4
1123,drone_0,drone_1
1123,drone_3,drone_4
1124,drone_0,drone_1
1124,drone_3,drone_4
1125,drone_0,drone_1
1125,drone_3,drone_4
1126,drone_0,drone_1
1126,drone_3,drone_4
1127,drone_0,drone_1
1127,drone_3,drone_4
1128,drone_0,drone_1
1128,drone_3,drone_4
1129,drone_0,drone_1
1129,drone_3,drone_4
1130,drone_0,drone_1
1130,drone_3,drone_4
1131,drone_0,drone_1
1131,drone_3,drone_4
1132,drone_0,drone_1
1132,drone_3,drone_4
1133,drone_0,drone_1
1133,drone_3,drone_4
1134,drone_0,drone_1
1134,drone_3,drone_4
1135,drone_0,drone_1
1135,drone_3,drone_4
1136,drone_0,drone_1
1136,drone_3,drone_4
1137,drone_0,drone_1
1137,drone_3,drone_4
1138,drone_0,drone_1
1138,drone_3,drone_4
1139,drone_0,drone_1
1139,drone_3,drone_4
1140,drone_0,drone_1
1140,drone_3,drone_4
1141,drone_0,drone_1
1141,drone_3,drone_4
1142,drone_0,drone_1
1142,drone_3,drone_4
1143,drone_0,drone_1
1143,drone_3,drone_4
1144,drone_0,drone_1
1144,drone_3,drone_4
1145,drone_0,drone_1
1145,drone_3,drone_4
1146,drone_0,drone_1
1146,drone_3,drone_4
1147,drone_0,drone_1
1147,drone_3,drone_4
1148,drone_0,drone_1
1148,drone_3,drone_4
1149,drone_0,drone_1
1149,drone_3,drone_4
1150,drone_0,drone_1
1150,drone_3,drone_4
1151,drone_0,drone_1
1151,drone_3,drone_4
1152,drone_0,drone_1
1152,drone_3,drone_4
1153,drone_0,drone_1
1153,drone_3,drone_4
1154,drone_0,drone_1
1154,drone_3,drone_4
1155,drone_0,drone_1
1155,drone_3,drone_4
1156,drone_0,drone_1
1156,drone_3,drone_4
1157,drone_0,drone_1
1157,drone_3,drone_4
1158,drone_0,drone_1
1158,drone_3,drone_4
1159,drone_0,drone_1
1159,drone_3,drone_4
1160,drone_0,drone_1
1160,drone_3,drone_4
1161,drone_0,drone_1
1161,drone_3,drone_4
1162,drone_0,drone_1
1162,drone_3,drone_4
1163,drone_0,drone_1
1163,drone_3,drone_4
1164,drone_0,drone_1
1164,drone_3,drone_4
1165,drone_0,drone_1
1165,drone_3,drone_4
1166,drone_0,drone_1
1166,drone_3,drone_4
1167,drone_0,drone_1
1167,drone_3,drone_4
1168,drone_0,drone_1
1168,drone_3,drone_4
1169,drone_0,drone_1
1169,drone_3,drone_4
1170,drone_0,drone_1
1170,drone_3,drone_4
1171,drone_0,drone_1
1171,drone_3,drone_4
1172,drone_0,drone_1
1172,drone_3,drone_4
1173,drone_0,drone_1
1173,drone_3,drone_4
1174,drone_0,drone_1
1174,drone_3,drone_4
1175,drone_0,drone_1
1175,drone_3,drone_4
1176,drone_0,drone_1
1176,drone_3,drone_4
1177,drone_0,drone_1
1177,drone_3,drone_4
1178,drone_0,drone_1
1178,drone_3,drone_4
1179,drone_0,drone_1
1179,drone_3,drone_4
1180,drone_0,drone_1
1180,drone_3,drone_4
1181,drone_0,drone_1
1181,drone_3,drone_4
1182,drone_0,drone_1
1182,drone_3,drone_4
1183,drone_0,drone_1
1183,drone_3,drone_4
1184,drone_0,drone_1
1184,drone_3,drone_4
1185,drone_0,drone_1
1185,drone_3,drone_4
1186,drone_0,drone_1
1186,drone_3,drone_4
1187,drone_0,drone_1
1187,drone_3,drone_4
1188,drone_0,drone_1
1188,drone_3,drone_4
1189,drone_0,drone_1
1189,drone_3,drone_4
1190,drone_0,drone_1
1190,drone_3,drone_4
1191,drone_0,drone_1
1191,drone_3,drone_4
1192,drone_0,drone_1
1192,drone_3,drone_4
1193,drone_0,drone_1
1193,drone_3,drone_4
1194,drone_0,drone_1
1194,drone_3,drone_4
1195,drone_0,drone_1
1195,drone_3,drone_4
1196,drone_0,drone_1
1196,drone_3,drone_4
1197,drone_0,drone_1
1197,drone_3,drone_4
1198,drone_0,drone_1
1198,drone_3,drone_4
1199,drone_0,drone_1
1199,drone_3,drone_4
1200,drone_0,drone_1
1200,drone_3,drone_4
1201,drone_0,drone_1
1201,drone_3,drone_4
1202,drone_0,drone_1
1202,drone_2,drone_3
1202,drone_3,drone_4
1203,drone_0,drone_1
1203,drone_2,drone_3
1203,drone_3,drone_4
1204,drone_0,drone_1
1204,drone_2,drone_3
1204,drone_3,drone_4
1205,drone_0,drone_1
1205,drone_2,drone_3
1205,drone_3,drone_4
1206,drone_0,drone_1
1206,drone_2,drone_3
1206,drone_3,drone_4
1207,drone_0,drone_1
1207,drone_2,drone_3
1207,drone_3,drone_4
1208,drone_0,drone_1
1208,drone_2,drone_3
1208,drone_3,drone_4
1209,drone_0,drone_1
1209,drone_1,drone_2
1209,drone_2,drone_3
1210,drone_0,drone_1
1210,drone_1,drone_2
1210,drone_2,drone_3
1210,drone_3,drone_4
1211,drone_0,drone_1
1211,drone_1,drone_2
1211,drone_2,drone_3
1212,drone_1,drone_2
1212,drone_2,drone_3
1213,drone_1,drone_2
1213,drone_2,drone_3
1214,drone_2,drone_3
1215,drone_2,drone_3
1216,drone_2,drone_3
1217,drone_2,drone_3
1218,drone_2,drone_3
1219,drone_2,drone_3
1220,drone_2,drone_3
1221,drone_2,drone_3
1222,drone_2,drone_3
1223,drone_0,drone_1
1223,drone_2,drone_3
1225,drone_0,drone_1
1226,drone_0,drone_1
1227,drone_0,drone_1
1228,drone_0,drone_1
1229,drone_0,drone_1
1230,drone_0,drone_1
1231,drone_0,drone_1
1232,drone_0,drone_1
1233,drone_0,drone_1
1233,drone_1,drone_2
1234,drone_0,drone_1
1234,drone_1,drone_2
1235,drone_0,drone_1
1235,drone_1,drone_2
1236,drone_0,drone_1
1236,drone_1,drone_2
1237,drone_0,drone_1
1237,drone_1,drone_2
1238,drone_0,drone_1
1238,drone_1,drone_2
1239,drone_0,drone_1
1239,drone_1,drone_2
1240,drone_0,drone_1
1240,drone_1,drone_2
1241,drone_0,drone_1
1241,drone_1,drone_2
1242,drone_0,drone_1
1242,drone_1,drone_2
1243,drone_0,drone_1
1243,drone_1,drone_2
1244,drone_0,drone_1
1244,drone_1,drone_2
1245,drone_0,drone_1
1245,drone_1,drone_2
1246,drone_0,drone_1
1246,drone_1,drone_2
1247,drone_0,drone_1
1247,drone_1,drone_2
1248,drone_0,drone_1
1248,drone_1,drone_2
1249,drone_0,drone_1
1249,drone_1,drone_2
1250,drone_0,drone_1
1250,drone_1,drone_2
1251,drone_0,drone_1
1251,drone_1,drone_2
1252,drone_0,drone_1
1252,drone_1,drone_2
1253,drone_0,drone_1
1253,drone_1,drone_2
1254,drone_0,drone_1
1254,drone_1,drone_2
1255,drone_0,drone_1
1255,drone_1,drone_2
1256,drone_0,drone_1
1256,drone_1,drone_2
1257,drone_0,drone_1
1257,drone_0,drone_2
1257,drone_1,drone_2
1258,drone_0,drone_1
1258,drone_0,drone_2
1258,drone_1,drone_2
1259,drone_0,drone_1
1259,drone_0,drone_2
1259,drone_1,drone_2
1260,drone_0,drone_1
1260,drone_0,drone_2
1260,drone_1,drone_2
1261,drone_0,drone_1
1261,drone_0,drone_2
1261,drone_1,drone_2
1262,drone_0,drone_1
1262,drone_0,drone_2
1262,drone_1,drone_2
1263,drone_0,drone_1
1263,drone_0,drone_2
1263,drone_1,drone_2
1264,drone_0,drone_1
1264,drone_0,drone_2
1264,drone_1,drone_2
1265,drone_0,drone_1
1265,drone_0,drone_2
1265,drone_1,drone_2
1266,drone_0,drone_1
1266,drone_0,drone_2
1266,drone_1,drone_2
1267,drone_0,drone_1
1267,drone_1,drone_2
1268,drone_0,drone_1
1268,drone_1,drone_2
1269,drone_0,drone_1
1269,drone_1,drone_2
1270,drone_0,drone_1
1270,drone_1,drone_2
1271,drone_0,drone_1
1271,drone_1,drone_2
1272,drone_0,drone_1
1272,drone_1,drone_2
1273,drone_0,drone_1
1273,drone_0,drone_2
1273,drone_1,drone_2
1274,drone_0,drone_1
1274,drone_0,drone_2
1274,drone_1,drone_2
1275,drone_0,drone_1
1275,drone_0,drone_2
1275,drone_1,drone_2
1276,drone_0,drone_1
1276,drone_1,drone_2
1277,drone_0,drone_1
1277,drone_1,drone_2
1278,drone_0,drone_1
1278,drone_1,drone_2
1279,drone_0,drone_1
1279,drone_1,drone_2
1280,drone_0,drone_1
1280,drone_1,drone_2
1281,drone_0,drone_1
1281,drone_1,drone_2
1282,drone_0,drone_1
1282,drone_1,drone_2
1283,drone_0,drone_1
1283,drone_1,drone_2
1284,drone_0,drone_1
1284,drone_1,drone_2
1285,drone_0,drone_1
1285,drone_1,drone_2
1286,drone_0,drone_1
1286,drone_1,drone_2
1287,drone_0,drone_1
1287,drone_1,drone_2
1288,drone_0,drone_1
1288,drone_1,drone_2
1289,drone_0,drone_1
1289,drone_1,drone_2
1290,drone_0,drone_1
1290,drone_1,drone_2
1291,drone_0,drone_1
1291,drone_1,drone_2
1292,drone_0,drone_1
1292,drone_1,drone_2
1293,drone_0,drone_1
1293,drone_1,drone_2
1294,drone_1,drone_2
1295,drone_1,drone_2
1296,drone_1,drone_2
1297,drone_1,drone_2
1298,drone_1,drone_2
1299,drone_1,drone_2
1301,drone_1,drone_2
1309,drone_1,drone_3
1311,drone_0,drone_1
1312,drone_0,drone_1
1313,drone_0,drone_1
1314,drone_0,drone_1
1315,drone_0,drone_1
1316,drone_0,drone_1
1317,drone_0,drone_1
1318,drone_0,drone_1
1319,drone_0,drone_1
1320,drone_0,drone_1
1321,drone_0,drone_1
1322,drone_0,drone_1
1323,drone_0,drone_1
1324,drone_0,drone_1
1325,drone_0,drone_1
1326,drone_0,drone_1
1327,drone_0,drone_1
1328,drone_0,drone_1
1329,drone_0,drone_1
1330,drone_0,drone_1
1331,drone_0,drone_1
1332,drone_0,drone_1
1333,drone_0,drone_1
1334,drone_0,drone_1
1335,drone_0,drone_1
1336,drone_0,drone_1
1337,drone_0,drone_1
1338,drone_0,drone_1
1339,drone_0,drone_1
1340,drone_0,drone_1
1341,drone_0,drone_1
1342,drone_0,drone_1
1343,drone_0,drone_1
1344,drone_0,drone_1
1345,drone_0,drone_1
1346,drone_0,drone_1
1347,drone_0,drone_1
1348,drone_0,drone_1
1349,drone_0,drone_1
1350,drone_0,drone_1
1351,drone_0,drone_1
1352,drone_0,drone_1
1353,drone_0,drone_1
1354,drone_0,drone_1
1355,drone_0,drone_1
1356,drone_0,drone_1
1357,drone_0,drone_1
1358,drone_0,drone_1
1359,drone_0,drone_1
1360,drone_0,drone_1
1361,drone_0,drone_1
1362,drone_0,drone_1
1363,drone_0,drone_1
1364,drone_0,drone_1
1365,drone_0,drone_1
1366,drone_0,drone_1
1367,drone_0,drone_1
1368,drone_0,drone_1
1369,drone_0,drone_1
1370,drone_0,drone_1
1371,drone_0,drone_1
1372,drone_0,drone_1
1373,drone_0,drone_1
1374,drone_0,drone_1
1375,drone_0,drone_1
1376,drone_0,drone_1
1377,drone_0,drone_3
1378,drone_0,drone_3
1379,drone_0,drone_3
1380,drone_0,drone_3
1381,drone_0,drone_3
1382,drone_0,drone_3
1383,drone_0,drone_3
1384,drone_0,drone_3
1385,drone_0,drone_3
1386,drone_0,drone_3
1387,drone_0,drone_3
1388,drone_0,drone_3
1389,drone_0,drone_3
1390,drone_0,drone_3
1391,drone_0,drone_3
1392,drone_0,drone_3
1393,drone_0,drone_3
1393,drone_1,drone_2
1394,drone_0,drone_3
1395,drone_0,drone_3
1395,drone_1,drone_2
1396,drone_0,drone_3
1397,drone_0,drone_3
1398,drone_0,drone_3
1399,drone_0,drone_1
1399,drone_0,drone_3
1400,drone_0,drone_1
1400,drone_0,drone_3
1401,drone_0,drone_1
1401,drone_0,drone_3
1402,drone_0,drone_1
1402,drone_0,drone_3
1403,drone_0,drone_1
1403,drone_0,drone_3
1404,drone_0,drone_1
1404,drone_0,drone_3
1405,drone_0,drone_1
1405,drone_0,drone_3
1406,drone_0,drone_1
1406,drone_0,drone_3
1407,drone_0,drone_1
1407,drone_0,drone_3
1408,drone_0,drone_1
1408,drone_0,drone_3
1409,drone_0,drone_1
1409,drone_0,drone_3
1410,drone_0,drone_1
1410,drone_0,drone_3
1411,drone_0,drone_1
1411,drone_0,drone_3
1412,drone_0,drone_1
1412,drone_0,drone_3
1413,drone_0,drone_1
1413,drone_0,drone_3
1414,drone_0,drone_1
1414,drone_0,drone_3
1415,drone_0,drone_1
1415,drone_0,drone_3
1416,drone_0,drone_1
1416,drone_0,drone_3
1417,drone_0,drone_1
1417,drone_0,drone_3
1418,drone_0,drone_1
1418,drone_0,drone_3
1419,drone_0,drone_1
1419,drone_0,drone_3
1420,drone_0,drone_1
1420,drone_0,drone_3
1421,drone_0,drone_1
1421,drone_0,drone_3
1422,drone_0,drone_1
1422,drone_0,drone_3
1423,drone_0,drone_1
1423,drone_0,drone_3
1424,drone_0,drone_1
1424,drone_0,drone_3
1425,drone_0,drone_1
1425,drone_0,drone_3
1426,drone_0,drone_1
1426,drone_0,drone_3
1427,drone_0,drone_1
1427,drone_0,drone_3
1428,drone_0,drone_1
1428,drone_0,drone_3
1429,drone_0,drone_1
1429,drone_0,drone_3
1430,drone_0,drone_1
1430,drone_0,drone_3
1431,drone_0,drone_1
1431,drone_0,drone_3
1432,drone_0,drone_1
1432,drone_0,drone_3
1433,drone_0,drone_1
1433,drone_0,drone_3
1434,drone_0,drone_1
1434,drone_0,drone_3
1434,drone_1,drone_4
1435,drone_0,drone_1
1435,drone_0,drone_3
1436,drone_0,drone_1
1436,drone_0,drone_3
1436,drone_1,drone_4
1437,drone_0,drone_1
1437,drone_0,drone_3
1437,drone_1,drone_4
1438,drone_0,drone_1
1438,drone_0,drone_3
1438,drone_1,drone_4
1439,drone_0,drone_1
1439,drone_0,drone_3
1439,drone_1,drone_4
1440,drone_0,drone_1
1440,drone_0,drone_3
1440,drone_1,drone_4
1441,drone_0,drone_1
1441,drone_0,drone_3
1441,drone_1,drone_4
1442,drone_0,drone_1
1442,drone_0,drone_3
1442,drone_1,drone_4
1443,drone_0,drone_1
1443,drone_0,drone_3
1443,drone_1,drone_4
1444,drone_0,drone_1
1444,drone_0,drone_3
1444,drone_1,drone_4
1445,drone_0,drone_1
1445,drone_0,drone_3
1445,drone_1,drone_4
1446,drone_0,drone_1
1446,drone_0,drone_3
1446,drone_1,drone_4
1447,drone_0,drone_1
1447,drone_0,drone_3
1447,drone_1,drone_4
1448,drone_0,drone_1
1448,drone_0,drone_3
1448,drone_1,drone_4
1449,drone_0,drone_1
1449,drone_0,drone_3
1449,drone_1,drone_4
1450,drone_0,drone_1
1450,drone_0,drone_3
1450,drone_1,drone_4
1451,drone_0,drone_1
1451,drone_0,drone_3
1451,drone_1,drone_4
1452,drone_0,drone_3
1452,drone_1,drone_4
1453,drone_0,drone_3
1453,drone_1,drone_4
1454,drone_0,drone_3
1454,drone_1,drone_4
1455,drone_0,drone_3
1455,drone_1,drone_4
1456,drone_0,drone_3
1456,drone_1,drone_4
1457,drone_0,drone_3
1457,drone_1,drone_4
1458,drone_0,drone_3
1458,drone_1,drone_4
1459,drone_0,drone_3
1459,drone_1,drone_4
1460,drone_0,drone_3
1460,drone_1,drone_4
1461,drone_0,drone_3
1461,drone_1,drone_4
1462,drone_0,drone_3
1462,drone_1,drone_4
1463,drone_0,drone_3
1463,drone_1,drone_4
1464,drone_0,drone_3
1464,drone_1,drone_4
1465,drone_0,drone_3
1465,drone_1,drone_4
1466,drone_0,drone_3
1466,drone_1,drone_4
1467,drone_0,drone_3
1467,drone_1,drone_4
1468,drone_0,drone_3
1468,drone_1,drone_4
1469,drone_0,drone_1
1469,drone_0,drone_3
1469,drone_1,drone_4
1470,drone_0,drone_1
1470,drone_0,drone_3
1470,drone_1,drone_4
1471,drone_0,drone_1
1471,drone_0,drone_3
1472,drone_0,drone_1
1472,drone_0,drone_3
1472,drone_1,drone_3
1473,drone_0,drone_1
1473,drone_0,drone_3
1473,drone_1,drone_3
1474,drone_0,drone_1
1474,drone_0,drone_3
1474,drone_1,drone_3
1475,drone_0,drone_1
1475,drone_0,drone_3
1475,drone_1,drone_3
1476,drone_0,drone_1
1476,drone_0,drone_3
1476,drone_1,drone_3
1477,drone_0,drone_1
1477,drone_0,drone_3
1477,drone_1,drone_3
1478,drone_0,drone_1
1478,drone_0,drone_3
1478,drone_1,drone_3
1479,drone_0,drone_1
1479,drone_0,drone_3
1479,drone_1,drone_3
1480,drone_0,drone_1
1480,drone_0,drone_3
1480,drone_1,drone_3
1481,drone_0,drone_1
1481,drone_0,drone_3
1481,drone_1,drone_3
1482,drone_0,drone_1
1482,drone_0,drone_3
1482,drone_1,drone_3
1483,drone_0,drone_1
1483,drone_0,drone_3
1483,drone_1,drone_3
1484,drone_0,drone_1
1484,drone_0,drone_3
1484,drone_1,drone_3
1485,drone_0,drone_1
1485,drone_0,drone_3
1485,drone_1,drone_3
1486,drone_0,drone_1
1486,drone_0,drone_3
1486,drone_1,drone_3
1487,drone_0,drone_1
1487,drone_0,drone_3
1487,drone_1,drone_3
1488,drone_0,drone_1
1488,drone_0,drone_3
1488,drone_1,drone_3
1489,drone_0,drone_1
1489,drone_0,drone_3
1489,drone_1,drone_3
1490,drone_0,drone_1
1490,drone_0,drone_3
1490,drone_1,drone_3
1491,drone_0,drone_1
1491,drone_0,drone_3
1491,drone_1,drone_3
1492,drone_0,drone_1
1492,drone_0,drone_3
1492,drone_1,drone_3
1493,drone_0,drone_1
1493,drone_0,drone_3
1493,drone_1,drone_3
1494,drone_0,drone_1
1494,drone_0,drone_3
1494,drone_1,drone_3
1495,drone_0,drone_1
1495,drone_0,drone_3
1495,drone_1,drone_3
1496,drone_0,drone_1
1496,drone_1,drone_3
1497,drone_0,drone_1
1497,drone_1,drone_3
1498,drone_0,drone_1
1499,drone_0,drone_1
1500,drone_0,drone_1
1500,drone_1,drone_3
1501,drone_0,drone_1
1501,drone_0,drone_3
1501,drone_1,drone_3
1502,drone_0,drone_1
1502,drone_1,drone_3
1503,drone_0,drone_1
1504,drone_0,drone_1
1505,drone_0,drone_1
1506,drone_0,drone_1
1507,drone_0,drone_1
1508,drone_0,drone_1
1509,drone_0,drone_1
1509,drone_1,drone_3
1510,drone_0,drone_1
1511,drone_0,drone_1
1512,drone_0,drone_1
1513,drone_0,drone_1
1514,drone_0,drone_1
1515,drone_0,drone_1
1516,drone_0,drone_1
1517,drone_0,drone_1
1518,drone_0,drone_1
1519,drone_0,drone_1
1520,drone_0,drone_1
1521,drone_0,drone_1
1522,drone_0,drone_1
1523,drone_0,drone_1
1524,drone_0,drone_1
1525,drone_0,drone_1
1526,drone_0,drone_1
1527,drone_0,drone_1
1528,drone_0,drone_1
1529,drone_0,drone_1
1530,drone_0,drone_1
1531,drone_0,drone_1
1532,drone_0,drone_1
1533,drone_0,drone_1
1533,drone_1,drone_3
1534,drone_0,drone_1
1534,drone_1,drone_3
1535,drone_0,drone_1
1535,drone_1,drone_3
1536,drone_0,drone_1
1536,drone_1,drone_3
1537,drone_0,drone_1
1537,drone_1,drone_3
1538,drone_0,drone_1
1538,drone_1,drone_3
1539,drone_0,drone_1
1539,drone_1,drone_3
1540,drone_0,drone_1
1540,drone_1,drone_3
1541,drone_0,drone_1
1541,drone_1,drone_3
1542,drone_0,drone_1
1542,drone_1,drone_3
1543,drone_0,drone_1
1543,drone_1,drone_3
1544,drone_0,drone_1
1544,drone_1,drone_3
1545,drone_0,drone_1
1545,drone_1,drone_3
1546,drone_0,drone_1
1546,drone_1,drone_3
1547,drone_0,drone_1
1548,drone_0,drone_1
1549,drone_0,drone_1
1550,drone_0,drone_1
1551,drone_0,drone_1
1552,drone_0,drone_1
1553,drone_0,drone_1
1554,drone_0,drone_1
1555,drone_0,drone_1
1556,drone_0,drone_1
1557,drone_0,drone_1
1558,drone_0,drone_1
1559,drone_0,drone_1
1560,drone_0,drone_1
1561,drone_0,drone_1
1562,drone_0,drone_1
1563,drone_0,drone_1
1564,drone_0,drone_1
1565,drone_0,drone_1
1566,drone_0,drone_1
1567,drone_0,drone_1
1568,drone_0,drone_1
1569,drone_0,drone_1
1570,drone_0,drone_1
1571,drone_0,drone_1
1572,drone_0,drone_1
1573,drone_0,drone_1
1574,drone_0,drone_1
1575,drone_0,drone_1
1576,drone_0,drone_1
1577,drone_0,drone_1
1578,drone_0,drone_1
1579,drone_0,drone_1
1580,drone_0,drone_1
1581,drone_0,drone_1
1582,drone_0,drone_1
1583,drone_0,drone_1
1584,drone_0,drone_1
1585,drone_0,drone_1
1586,drone_0,drone_1
1587,drone_0,drone_1
1588,drone_0,drone_1
1589,drone_0,drone_1
1590,drone_0,drone_1
1591,drone_0,drone_1
1592,drone_0,drone_1
1593,drone_0,drone_1
1594,drone_0,drone_1
1595,drone_0,drone_1
1596,drone_0,drone_1
1597,drone_0,drone_1
1598,drone_0,drone_1
1599,drone_0,drone_1
1600,drone_0,drone_1
1601,drone_0,drone_1
1602,drone_0,drone_1
1603,drone_0,drone_1
1612,drone_2,drone_4
1613,drone_2,drone_4
1614,drone_2,drone_4
1615,drone_0,drone_1
1615,drone_2,drone_4
1616,drone_0,drone_1
1616,drone_2,drone_4
1617,drone_0,drone_1
1617,drone_2,drone_4
1618,drone_0,drone_1
1618,drone_2,drone_4
1619,drone_0,drone_1
1619,drone_2,drone_4
1620,drone_0,drone_1
1620,drone_2,drone_4
1621,drone_0,drone_1
1621,drone_2,drone_4
1622,drone_0,drone_1
1622,drone_2,drone_4
1623,drone_0,drone_1
1623,drone_2,drone_4
1624,drone_0,drone_1
1624,drone_2,drone_4
1625,drone_0,drone_1
1625,drone_2,drone_4
1626,drone_0,drone_1
1626,drone_2,drone_4
1627,drone_0,drone_1
1627,drone_2,drone_4
1628,drone_0,drone_1
1628,drone_2,drone_4
1629,drone_0,drone_1
1629,drone_2,drone_4
1630,drone_0,drone_1
1630,drone_2,drone_4
1631,drone_0,drone_1
1631,drone_2,drone_4
1632,drone_0,drone_1
1632,drone_2,drone_4
1633,drone_0,drone_1
1633,drone_2,drone_4
1634,drone_0,drone_1
1635,drone_0,drone_1
1671,drone_2,drone_4
1672,drone_0,drone_1
1672,drone_2,drone_4
1673,drone_0,drone_1
1673,drone_2,drone_4
1674,drone_0,drone_1
1674,drone_2,drone_4
1675,drone_0,drone_1
1675,drone_2,drone_4
1676,drone_0,drone_1
1676,drone_2,drone_4
1677,drone_0,drone_1
1677,drone_2,drone_4
1678,drone_0,drone_1
1678,drone_2,drone_4
1679,drone_2,drone_4
1680,drone_2,drone_4
1681,drone_2,drone_4
1682,drone_2,drone_4
1683,drone_2,drone_4
1684,drone_2,drone_4
1685,drone_2,drone_4
1686,drone_2,drone_4
1687,drone_2,drone_4
1688,drone_2,drone_4
1689,drone_2,drone_4
1690,drone_2,drone_4
1691,drone_2,drone_4
1692,drone_2,drone_4
1693,drone_2,drone_4
1694,drone_2,drone_4
1695,drone_2,drone_4
1696,drone_2,drone_4
1697,drone_2,drone_4
1698,drone_2,drone_4
1699,drone_2,drone_4
1700,drone_2,drone_4
1701,drone_2,drone_4
1702,drone_2,drone_4
1703,drone_2,drone_4
1704,drone_2,drone_4
1705,drone_2,drone_4
1706,drone_2,drone_4
1707,drone_2,drone_4
1708,drone_2,drone_4
1709,drone_2,drone_4
1710,drone_2,drone_4
1711,drone_2,drone_4
1712,drone_2,drone_4
1713,drone_2,drone_4
1714,drone_2,drone_4
1715,drone_2,drone_4
1716,drone_2,drone_4
1717,drone_2,drone_4
1718,drone_2,drone_4
1719,drone_2,drone_4
1720,drone_2,drone_4
1721,drone_2,drone_4
1722,drone_2,drone_4
1723,drone_2,drone_4
1724,drone_2,drone_4
1725,drone_2,drone_4
1726,drone_2,drone_4
1727,drone_2,drone_4
1728,drone_2,drone_4
1729,drone_2,drone_4
1730,drone_0,drone_3
1730,drone_2,drone_4
1731,drone_0,drone_1
1731,drone_0,drone_3
1731,drone_2,drone_4
1732,drone_0,drone_1
1732,drone_0,drone_3
1732,drone_2,drone_4
1733,drone_0,drone_1
1733,drone_0,drone_3
1733,drone_2,drone_4
1734,drone_0,drone_1
1734,drone_0,drone_3
1734,drone_2,drone_4
1735,drone_0,drone_1
1735,drone_2,drone_4
1736,drone_2,drone_4
1737,drone_2,drone_4
1738,drone_2,drone_4
1739,drone_2,drone_4
1740,drone_0,drone_1
1740,drone_2,drone_4
1741,drone_0,drone_1
1741,drone_2,drone_4
1742,drone_0,drone_1
1742,drone_2,drone_4
1743,drone_0,drone_1
1743,drone_2,drone_4
1744,drone_0,drone_1
1744,drone_2,drone_4
1745,drone_0,drone_1
1745,drone_2,drone_4
1746,drone_0,drone_1
1746,drone_2,drone_4
1747,drone_0,drone_1
1747,drone_2,drone_4
1748,drone_0,drone_1
1748,drone_2,drone_4
1749,drone_0,drone_1
1749,drone_2,drone_4
1750,drone_0,drone_1
1750,drone_2,drone_4
1751,drone_0,drone_1
1751,drone_2,drone_4
1752,drone_0,drone_1
1752,drone_2,drone_4
1753,drone_0,drone_1
1753,drone_2,drone_4
1754,drone_0,drone_1
1754,drone_0,drone_3
1754,drone_2,drone_4
1755,drone_0,drone_1
1755,drone_2,drone_4
1756,drone_0,drone_1
1756,drone_0,drone_3
1756,drone_2,drone_4
1757,drone_0,drone_1
1757,drone_2,drone_4
1758,drone_0,drone_1
1758,drone_0,drone_3
1758,drone_2,drone_4
1759,drone_0,drone_1
1759,drone_2,drone_4
1760,drone_0,drone_1
1760,drone_0,drone_3
1760,drone_2,drone_4
1761,drone_0,drone_1
1761,drone_2,drone_4
1762,drone_0,drone_1
1762,drone_0,drone_3
1762,drone_2,drone_4
1763,drone_0,drone_1
1763,drone_2,drone_4
1764,drone_0,drone_1
1764,drone_0,drone_3
1764,drone_2,drone_4
1765,drone_0,drone_1
1765,drone_2,drone_4
1766,drone_0,drone_1
1766,drone_0,drone_3
1766,drone_2,drone_4
1767,drone_0,drone_1
1767,drone_2,drone_4
1768,drone_0,drone_1
1768,drone_0,drone_3
1768,drone_2,drone_4
1769,drone_0,drone_1
1769,drone_2,drone_4
1770,drone_0,drone_1
1770,drone_0,drone_3
1770,drone_2,drone_4
1771,drone_0,drone_1
1771,drone_2,drone_4
1772,drone_0,drone_1
1772,drone_0,drone_3
1772,drone_2,drone_4
1773,drone_0,drone_1
1773,drone_2,drone_4
1774,drone_0,drone_1
1774,drone_0,drone_3
1774,drone_2,drone_4
1775,drone_0,drone_1
1775,drone_2,drone_4
1776,drone_0,drone_1
1776,drone_0,drone_3
1776,drone_2,drone_4
1777,drone_0,drone_1
1777,drone_2,drone_4
1778,drone_0,drone_1
1778,drone_0,drone_3
1778,drone_2,drone_4
1779,drone_0,drone_1
1779,drone_2,drone_4
1780,drone_0,drone_1
1780,drone_0,drone_3
1780,drone_2,drone_4
1781,drone_0,drone_1
1781,drone_2,drone_4
1782,drone_0,drone_1
1782,drone_0,drone_3
1782,drone_2,drone_4
1783,drone_0,drone_1
1783,drone_2,drone_4
1784,drone_0,drone_1
1784,drone_0,drone_3
1784,drone_2,drone_4
1785,drone_0,drone_1
1785,drone_2,drone_4
1786,drone_0,drone_1
1786,drone_0,drone_3
1786,drone_2,drone_4
1787,drone_0,drone_1
1787,drone_2,drone_4
1788,drone_0,drone_1
1788,drone_0,drone_3
1788,drone_2,drone_4
1789,drone_0,drone_1
1789,drone_2,drone_4
1790,drone_0,drone_1
1790,drone_0,drone_3
1790,drone_2,drone_4
1791,drone_0,drone_1
1791,drone_2,drone_4
1792,drone_0,drone_1
1792,drone_0,drone_3
1792,drone_2,drone_4
1793,drone_0,drone_1
1793,drone_2,drone_4
1794,drone_0,drone_1
1794,drone_0,drone_3
1794,drone_2,drone_4
1795,drone_0,drone_1
1795,drone_2,drone_4
1796,drone_0,drone_1
1796,drone_0,drone_3
1796,drone_2,drone_4
1797,drone_0,drone_1
1798,drone_0,drone_1
1799,drone_0,drone_1
1800,drone_0,drone_1
1801,drone_0,drone_1
1802,drone_0,drone_1
1803,drone_0,drone_1
1803,drone_1,drone_3
1804,drone_0,drone_1
1804,drone_1,drone_3
1805,drone_0,drone_1
1805,drone_1,drone_3
1806,drone_0,drone_1
1806,drone_1,drone_3
1807,drone_0,drone_1
1807,drone_1,drone_3
1808,drone_0,drone_1
1808,drone_1,drone_3
1809,drone_0,drone_1
1809,drone_1,drone_3
1810,drone_0,drone_1
1810,drone_1,drone_3
1811,drone_0,drone_1
1811,drone_1,drone_3
1812,drone_0,drone_1
1812,drone_1,drone_3
1813,drone_0,drone_1
1813,drone_1,drone_3
1814,drone_0,drone_1
1814,drone_1,drone_3
1815,drone_0,drone_1
1815,drone_1,drone_3
1816,drone_0,drone_1
1816,drone_1,drone_3
1817,drone_0,drone_1
1817,drone_1,drone_3
1818,drone_0,drone_1
1818,drone_1,drone_3
1819,drone_0,drone_1
1819,drone_1,drone_3
1820,drone_0,drone_1
1820,drone_1,drone_3
1821,drone_0,drone_1
1821,drone_1,drone_3
1822,drone_0,drone_1
1822,drone_1,drone_3
1823,drone_0,drone_1
1823,drone_1,drone_3
1824,drone_0,drone_1
1824,drone_1,drone_3
1825,drone_0,drone_1
1825,drone_1,drone_3
1826,drone_0,drone_1
1826,drone_1,drone_3
1827,drone_0,drone_1
1827,drone_1,drone_3
1828,drone_0,drone_1
1828,drone_1,drone_3
1829,drone_0,drone_1
1829,drone_1,drone_3
1830,drone_0,drone_1
1830,drone_1,drone_3
1831,drone_0,drone_1
1831,drone_1,drone_3
1832,drone_0,drone_1
1832,drone_1,drone_3
1833,drone_0,drone_1
1833,drone_1,drone_3
1834,drone_0,drone_1
1834,drone_1,drone_3
1835,drone_0,drone_1
1835,drone_1,drone_3
1836,drone_0,drone_1
1836,drone_1,drone_3
1837,drone_0,drone_1
1837,drone_1,drone_3
1838,drone_0,drone_1
1838,drone_1,drone_3
1839,drone_0,drone_1
1839,drone_1,drone_3
1840,drone_0,drone_1
1840,drone_1,drone_3
1841,drone_0,drone_1
1841,drone_1,drone_3
1842,drone_0,drone_1
1842,drone_1,drone_3
1843,drone_0,drone_1
1843,drone_1,drone_3
1844,drone_0,drone_1
1844,drone_1,drone_3
1845,drone_0,drone_1
1845,drone_1,drone_3
1846,drone_0,drone_1
1846,drone_1,drone_3
1847,drone_0,drone_1
1847,drone_1,drone_3
1848,drone_0,drone_1
1848,drone_1,drone_3
1849,drone_0,drone_1
1849,drone_1,drone_3
1850,drone_0,drone_1
1850,drone_1,drone_3
1851,drone_0,drone_1
1851,drone_1,drone_3
1852,drone_0,drone_1
1852,drone_1,drone_3
1853,drone_0,drone_1
1853,drone_1,drone_3
1854,drone_0,drone_1
1854,drone_1,drone_3
1855,drone_0,drone_1
1855,drone_1,drone_3
1856,drone_0,drone_1
1856,drone_1,drone_3
1857,drone_0,drone_1
1857,drone_1,drone_3
1858,drone_0,drone_1
1858,drone_1,drone_3
1859,drone_0,drone_1
1859,drone_1,drone_3
1860,drone_0,drone_1
1860,drone_1,drone_3
1861,drone_0,drone_1
1861,drone_1,drone_3
1862,drone_0,drone_1
1862,drone_1,drone_3
1863,drone_0,drone_1
1863,drone_1,drone_3
1864,drone_0,drone_1
1864,drone_1,drone_3
1865,drone_0,drone_1
1865,drone_0,drone_3
1865,drone_1,drone_3
1866,drone_0,drone_1
1866,drone_0,drone_3
1866,drone_1,drone_3
1867,drone_0,drone_1
1867,drone_0,drone_3
1867,drone_1,drone_3
1868,drone_0,drone_1
1868,drone_0,drone_3
1868,drone_1,drone_3
1869,drone_0,drone_1
1869,drone_0,drone_3
1869,drone_1,drone_3
1870,drone_0,drone_1
1870,drone_0,drone_3
1870,drone_1,drone_3
1871,drone_0,drone_1
1871,drone_0,drone_3
1871,drone_1,drone_3
1872,drone_0,drone_1
1872,drone_0,drone_3
1872,drone_1,drone_3
1873,drone_0,drone_1
1873,drone_0,drone_3
1873,drone_1,drone_3
1874,drone_0,drone_1
1874,drone_0,drone_3
1874,drone_1,drone_3
1875,drone_0,drone_1
1875,drone_0,drone_3
1875,drone_1,drone_3
1875,drone_2,drone_4
1876,drone_0,drone_1
1876,drone_0,drone_3
1876,drone_1,drone_3
1877,drone_0,drone_1
1877,drone_0,drone_3
1877,drone_1,drone_3
1877,drone_2,drone_4
1878,drone_0,drone_1
1878,drone_0,drone_3
1878,drone_1,drone_3
1878,drone_2,drone_4
1879,drone_0,drone_1
1879,drone_0,drone_3
1879,drone_1,drone_3
1879,drone_2,drone_4
1880,drone_0,drone_1
1880,drone_0,drone_3
1880,drone_1,drone_3
1880,drone_2,drone_4
1881,drone_0,drone_1
1881,drone_0,drone_3
1881,drone_1,drone_3
1881,drone_2,drone_4
1882,drone_0,drone_1
1882,drone_0,drone_3
1882,drone_1,drone_3
1882,drone_2,drone_4
1883,drone_0,drone_1
1883,drone_0,drone_3
1883,drone_1,drone_3
1883,drone_2,drone_4
1884,drone_0,drone_1
1884,drone_0,drone_3
1884,drone_1,drone_3
1884,drone_2,drone_4
1885,drone_0,drone_1
1885,drone_0,drone_3
1885,drone_1,drone_3
1885,drone_2,drone_4
1886,drone_0,drone_1
1886,drone_0,drone_3
1886,drone_1,drone_3
1886,drone_2,drone_4
1887,drone_0,drone_1
1887,drone_0,drone_3
1887,drone_1,drone_3
1887,drone_2,drone_4
1888,drone_0,drone_1
1888,drone_0,drone_3
1888,drone_1,drone_3
1888,drone_2,drone_4
1889,drone_0,drone_1
1889,drone_0,drone_3
1889,drone_1,drone_3
1889,drone_2,drone_4
1890,drone_0,drone_1
1890,drone_0,drone_3
1890,drone_1,drone_3
1890,drone_2,drone_4
1891,drone_0,drone_1
1891,drone_0,drone_3
1891,drone_1,drone_3
1891,drone_2,drone_4
1892,drone_0,drone_1
1892,drone_0,drone_3
1892,drone_1,drone_3
1892,drone_2,drone_4
1893,drone_0,drone_1
1893,drone_0,drone_3
1893,drone_1,drone_3
1893,drone_2,drone_4
1894,drone_0,drone_1
1894,drone_0,drone_3
1894,drone_1,drone_3
1894,drone_2,drone_4
1895,drone_0,drone_1
1895,drone_0,drone_3
1895,drone_1,drone_3
1895,drone_2,drone_4
1896,drone_0,drone_1
1896,drone_0,drone_3
1896,drone_1,drone_3
1896,drone_2,drone_4
1897,drone_0,drone_1
1897,drone_0,drone_3
1897,drone_1,drone_3
1897,drone_2,drone_4
1898,drone_0,drone_1
1898,drone_0,drone_3
1898,drone_1,drone_3
1898,drone_2,drone_4
1899,drone_0,drone_1
1899,drone_0,drone_3
1899,drone_1,drone_3
1899,drone_2,drone_4
1900,drone_0,drone_1
1900,drone_0,drone_3
1900,drone_1,drone_3
1900,drone_2,drone_4
1901,drone_0,drone_1
1901,drone_0,drone_3
1901,drone_1,drone_3
1901,drone_2,drone_4
1902,drone_0,drone_1
1902,drone_0,drone_3
1902,drone_1,drone_3
1902,drone_2,drone_4
1903,drone_0,drone_1
1903,drone_0,drone_3
1903,drone_1,drone_3
1903,drone_2,drone_4
1904,drone_0,drone_1
1904,drone_0,drone_3
1904,drone_1,drone_3
1904,drone_2,drone_4
1905,drone_0,drone_3
1905,drone_1,drone_3
1905,drone_2,drone_4
1906,drone_0,drone_3
1906,drone_1,drone_3
1906,drone_1,drone_4
1906,drone_2,drone_4
1907,drone_0,drone_3
1907,drone_1,drone_3
1907,drone_2,drone_4
1908,drone_1,drone_3
1908,drone_1,drone_4
1908,drone_2,drone_4
1909,drone_0,drone_3
1909,drone_1,drone_3
1909,drone_2,drone_4
1910,drone_0,drone_3
1910,drone_1,drone_3
1910,drone_2,drone_4
1911,drone_0,drone_3
1911,drone_1,drone_3
1911,drone_2,drone_4
1912,drone_0,drone_1
1912,drone_0,drone_3
1912,drone_1,drone_3
1912,drone_2,drone_4
1913,drone_0,drone_1
1913,drone_0,drone_3
1913,drone_1,drone_3
1913,drone_2,drone_4
1914,drone_0,drone_1
1914,drone_0,drone_3
1914,drone_1,drone_3
1914,drone_2,drone_4
1915,drone_0,drone_1
1915,drone_0,drone_3
1915,drone_1,drone_3
1915,drone_2,drone_4
1916,drone_0,drone_1
1916,drone_0,drone_3
1916,drone_1,drone_3
1916,drone_2,drone_4
1917,drone_0,drone_1
1917,drone_0,drone_3
1917,drone_1,drone_3
1917,drone_1,drone_4
1917,drone_2,drone_4
1918,drone_0,drone_1
1918,drone_0,drone_3
1918,drone_1,drone_3
1918,drone_1,drone_4
1918,drone_2,drone_4
1919,drone_0,drone_1
1919,drone_0,drone_3
1919,drone_1,drone_3
1919,drone_1,drone_4
1919,drone_2,drone_4
1920,drone_0,drone_1
1920,drone_0,drone_3
1920,drone_1,drone_3
1920,drone_1,drone_4
1920,drone_2,drone_4
1920,drone_3,drone_4
1921,drone_0,drone_1
1921,drone_1,drone_3
1921,drone_1,drone_4
1921,drone_2,drone_4
1921,drone_3,drone_4
1922,drone_0,drone_1
1922,drone_1,drone_3
1922,drone_1,drone_4
1922,drone_2,drone_4
1922,drone_3,drone_4
1923,drone_0,drone_1
1923,drone_1,drone_3
1923,drone_1,drone_4
1923,drone_2,drone_4
1923,drone_3,drone_4
1924,drone_0,drone_1
1924,drone_1,drone_3
1924,drone_1,drone_4
1924,drone_2,drone_4
1924,drone_3,drone_4
1925,drone_0,drone_1
1925,drone_1,drone_3
1925,drone_1,drone_4
1925,drone_2,drone_4
1926,drone_0,drone_1
1926,drone_0,drone_3
1926,drone_1,drone_3
1926,drone_1,drone_4
1926,drone_2,drone_4
1927,drone_0,drone_1
1927,drone_1,drone_3
1927,drone_1,drone_4
1927,drone_2,drone_4
1928,drone_0,drone_1
1928,drone_0,drone_3
1928,drone_1,drone_3
1928,drone_1,drone_4
1928,drone_2,drone_4
1929,drone_0,drone_1
1929,drone_1,drone_3
1929,drone_1,drone_4
1929,drone_2,drone_4
1930,drone_0,drone_1
1930,drone_0,drone_3
1930,drone_1,drone_3
1930,drone_1,drone_4
1930,drone_2,drone_4
1931,drone_0,drone_1
1931,drone_1,drone_3
1931,drone_1,drone_4
1931,drone_2,drone_4
1932,drone_0,drone_1
1932,drone_0,drone_3
1932,drone_1,drone_3
1932,drone_1,drone_4
1932,drone_2,drone_4
1933,drone_0,drone_1
1933,drone_1,drone_3
1933,drone_1,drone_4
1933,drone_2,drone_4
1934,drone_0,drone_1
1934,drone_0,drone_3
1934,drone_1,drone_3
1934,drone_1,drone_4
1934,drone_2,drone_4
1935,drone_0,drone_1
1935,drone_1,drone_3
1935,drone_1,drone_4
1935,drone_2,drone_4
1936,drone_0,drone_1
1936,drone_0,drone_3
1936,drone_1,drone_3
1936,drone_1,drone_4
1936,drone_2,drone_4
1937,drone_0,drone_1
1937,drone_1,drone_3
1937,drone_1,drone_4
1937,drone_2,drone_4
1938,drone_0,drone_1
1938,drone_0,drone_3
1938,drone_1,drone_3
1938,drone_1,drone_4
1938,drone_2,drone_4
1939,drone_0,drone_1
1939,drone_1,drone_3
1939,drone_1,drone_4
1939,drone_2,drone_4
1940,drone_0,drone_1
1940,drone_0,drone_3
1940,drone_1,drone_3
1940,drone_1,drone_4
1940,drone_2,drone_4
1941,drone_0,drone_1
1941,drone_1,drone_3
1941,drone_1,drone_4
1941,drone_2,drone_4
1942,drone_0,drone_1
1942,drone_0,drone_3
1942,drone_1,drone_3
1942,drone_1,drone_4
1942,drone_2,drone_4
1943,drone_0,drone_1
1943,drone_1,drone_3
1943,drone_1,drone_4
1943,drone_2,drone_4
1944,drone_0,drone_1
1944,drone_0,drone_3
1944,drone_1,drone_3
1944,drone_1,drone_4
1945,drone_0,drone_1
1945,drone_1,drone_3
1945,drone_1,drone_4
1946,drone_0,drone_1
1946,drone_0,drone_3
1946,drone_1,drone_3
1946,drone_1,drone_4
1947,drone_0,drone_1
1947,drone_1,drone_3
1947,drone_1,drone_4
1948,drone_0,drone_1
1948,drone_0,drone_3
1948,drone_1,drone_3
1948,drone_1,drone_4
1949,drone_0,drone_1
1949,drone_1,drone_3
1949,drone_1,drone_4
1950,drone_0,drone_1
1950,drone_0,drone_3
1950,drone_1,drone_3
1950,drone_1,drone_4
1951,drone_0,drone_1
1951,drone_1,drone_3
1951,drone_1,drone_4
1952,drone_0,drone_1
1952,drone_0,drone_3
1952,drone_1,drone_3
1952,drone_1,drone_4
1953,drone_0,drone_1
1953,drone_1,drone_3
1953,drone_1,drone_4
1953,drone_2,drone_4
1954,drone_0,drone_1
1954,drone_0,drone_3
1954,drone_1,drone_3
1954,drone_1,drone_4
1954,drone_2,drone_4
1955,drone_0,drone_1
1955,drone_1,drone_3
1955,drone_1,drone_4
1955,drone_2,drone_4
1956,drone_0,drone_1
1956,drone_0,drone_3
1956,drone_1,drone_3
1956,drone_1,drone_4
1956,drone_2,drone_4
1957,drone_0,drone_1
1957,drone_1,drone_3
1957,drone_1,drone_4
1957,drone_2,drone_4
1958,drone_0,drone_1
1958,drone_0,drone_3
1958,drone_1,drone_3
1958,drone_1,drone_4
1958,drone_2,drone_4
1959,drone_0,drone_1
1959,drone_1,drone_3
1959,drone_1,drone_4
1959,drone_2,drone_4
1960,drone_0,drone_1
1960,drone_0,drone_3
1960,drone_1,drone_3
1960,drone_1,drone_4
1960,drone_2,drone_4
1961,drone_0,drone_1
1961,drone_1,drone_3
1961,drone_1,drone_4
1961,drone_2,drone_4
1962,drone_0,drone_1
1962,drone_0,drone_3
1962,drone_1,drone_3
1962,drone_1,drone_4
1962,drone_2,drone_4
1963,drone_1,drone_3
1963,drone_1,drone_4
1963,drone_2,drone_4
1964,drone_0,drone_3
1964,drone_1,drone_3
1964,drone_1,drone_4
1964,drone_2,drone_4
1965,drone_0,drone_3
1965,drone_1,drone_3
1965,drone_1,drone_4
1965,drone_2,drone_4
1966,drone_0,drone_3
1966,drone_1,drone_3
1966,drone_1,drone_4
1966,drone_2,drone_4
1967,drone_0,drone_3
1967,drone_1,drone_3
1967,drone_1,drone_4
1967,drone_2,drone_4
1968,drone_0,drone_3
1968,drone_1,drone_3
1968,drone_1,drone_4
1968,drone_2,drone_4
1969,drone_0,drone_3
1969,drone_1,drone_2
1969,drone_1,drone_3
1969,drone_1,drone_4
1969,drone_2,drone_4
1970,drone_0,drone_3
1970,drone_1,drone_2
1970,drone_1,drone_3
1970,drone_1,drone_4
1970,drone_2,drone_4
1971,drone_0,drone_3
1971,drone_1,drone_2
1971,drone_1,drone_3
1971,drone_1,drone_4
1971,drone_2,drone_4
1971,drone_3,drone_4
1972,drone_0,drone_3
1972,drone_1,drone_2
1972,drone_1,drone_3
1972,drone_1,drone_4
1972,drone_2,drone_4
1973,drone_0,drone_3
1973,drone_1,drone_2
1973,drone_1,drone_3
1973,drone_1,drone_4
1973,drone_2,drone_4
1974,drone_0,drone_3
1974,drone_1,drone_2
1974,drone_1,drone_3
1974,drone_1,drone_4
1974,drone_2,drone_4
1975,drone_0,drone_3
1975,drone_1,drone_2
1975,drone_1,drone_3
1975,drone_1,drone_4
1975,drone_2,drone_4
1975,drone_3,drone_4
1976,drone_0,drone_3
1976,drone_1,drone_2
1976,drone_1,drone_3
1976,drone_1,drone_4
1976,drone_2,drone_4
1976,drone_3,drone_4
1977,drone_0,drone_3
1977,drone_1,drone_2
1977,drone_1,drone_3
1977,drone_1,drone_4
1977,drone_2,drone_4
1978,drone_1,drone_2
1978,drone_1,drone_4
1978,drone_2,drone_4
1979,drone_1,drone_2
1979,drone_1,drone_4
1979,drone_2,drone_4
1980,drone_1,drone_2
1980,drone_1,drone_4
1980,drone_2,drone_4
1981,drone_1,drone_2
1981,drone_1,drone_4
1982,drone_1,drone_2
1982,drone_1,drone_3
1982,drone_1,drone_4
1983,drone_1,drone_2
1983,drone_1,drone_3
1983,drone_1,drone_4
1984,drone_1,drone_2
1984,drone_1,drone_3
1984,drone_1,drone_4
1985,drone_1,drone_2
1986,drone_1,drone_2
1987,drone_1,drone_2
1988,drone_1,drone_2
1989,drone_1,drone_2
1990,drone_1,drone_2
1991,drone_1,drone_2
1992,drone_1,drone_2
1993,drone_1,drone_2
1994,drone_1,drone_2
1995,drone_1,drone_2
1995,drone_1,drone_4
1996,drone_1,drone_2
1996,drone_1,drone_4
1997,drone_1,drone_2
1997,drone_1,drone_4
1998,drone_1,drone_2
1998,drone_1,drone_4
1999,drone_1,drone_2
1999,drone_1,drone_4
2000,drone_1,drone_2
2000,drone_1,drone_4
2001,drone_1,drone_2
2001,drone_1,drone_4
2002,drone_1,drone_2
2002,drone_1,drone_4
2003,drone_1,drone_2
2003,drone_1,drone_4
2004,drone_1,drone_2
2004,drone_1,drone_4
2005,drone_1,drone_2
2005,drone_1,drone_4
2006,drone_1,drone_2
2006,drone_1,drone_4
2007,drone_1,drone_2
2007,drone_1,drone_4
2008,drone_1,drone_2
2008,drone_1,drone_4
2009,drone_1,drone_2
2009,drone_1,drone_4
2010,drone_1,drone_2
2010,drone_1,drone_4
2011,drone_1,drone_2
2011,drone_1,drone_4
2012,drone_1,drone_2
2012,drone_1,drone_4
2013,drone_1,drone_2
2013,drone_1,drone_4
2014,drone_1,drone_2
2014,drone_1,drone_4
2015,drone_1,drone_2
2015,drone_1,drone_4
2016,drone_1,drone_2
2016,drone_1,drone_4
2017,drone_1,drone_2
2017,drone_1,drone_4
2018,drone_1,drone_2
2018,drone_1,drone_4
2018,drone_2,drone_4
2019,drone_1,drone_2
2019,drone_1,drone_4
2020,drone_1,drone_2
2020,drone_1,drone_4
2020,drone_2,drone_4
2021,drone_1,drone_2
2021,drone_1,drone_4
2022,drone_1,drone_2
2022,drone_1,drone_4
2022,drone_2,drone_4
2023,drone_1,drone_2
2023,drone_1,drone_4
2024,drone_1,drone_2
2024,drone_1,drone_4
2024,drone_2,drone_4
2025,drone_1,drone_2
2025,drone_1,drone_4
2026,drone_1,drone_2
2026,drone_1,drone_4
2026,drone_2,drone_4
2027,drone_1,drone_2
2027,drone_1,drone_4
2028,drone_1,drone_2
2028,drone_1,drone_4
2028,drone_2,drone_4
2029,drone_1,drone_2
2029,drone_1,drone_4
2030,drone_1,drone_2
2030,drone_1,drone_4
2030,drone_2,drone_4
2031,drone_1,drone_2
2031,drone_1,drone_4
2032,drone_1,drone_2
2032,drone_1,drone_4
2032,drone_2,drone_4
2033,drone_1,drone_2
2033,drone_1,drone_4
2034,drone_1,drone_2
2034,drone_1,drone_4
2034,drone_2,drone_4
2035,drone_1,drone_2
2035,drone_1,drone_4
2036,drone_1,drone_2
2036,drone_1,drone_4
2036,drone_2,drone_4
2037,drone_1,drone_2
2037,drone_1,drone_4
2038,drone_1,drone_2
2038,drone_1,drone_4
2038,drone_2,drone_4
2039,drone_1,drone_2
2039,drone_1,drone_4
2040,drone_1,drone_2
2040,drone_1,drone_4
2040,drone_2,drone_4
2041,drone_1,drone_2
2041,drone_1,drone_4
2042,drone_1,drone_2
2042,drone_1,drone_4
2042,drone_2,drone_4
2043,drone_1,drone_2
2043,drone_1,drone_4
2044,drone_1,drone_2
2044,drone_1,drone_4
2044,drone_2,drone_4
2045,drone_1,drone_2
2045,drone_1,drone_4
2046,drone_1,drone_2
2046,drone_1,drone_4
2047,drone_1,drone_2
2047,drone_1,drone_4
2048,drone_1,drone_2
2048,drone_1,drone_4
2049,drone_1,drone_2
2049,drone_1,drone_4
2050,drone_1,drone_2
2050,drone_1,drone_4
2051,drone_1,drone_2
2052,drone_1,drone_2
2053,drone_1,drone_2
2054,drone_1,drone_2
2055,drone_1,drone_2
2056,drone_1,drone_2
2057,drone_1,drone_2
2058,drone_1,drone_2
2059,drone_1,drone_2
2060,drone_1,drone_2
2061,drone_1,drone_2
2062,drone_1,drone_2
2063,drone_1,drone_2
2064,drone_0,drone_4
2064,drone_1,drone_2
2065,drone_1,drone_2
2066,drone_1,drone_2
2067,drone_1,drone_2
2068,drone_0,drone_4
2068,drone_1,drone_2
2069,drone_1,drone_2
2070,drone_0,drone_4
2070,drone_1,drone_2
2071,drone_1,drone_2
2071,drone_2,drone_3
2072,drone_0,drone_4
2072,drone_1,drone_2
2072,drone_2,drone_3
2073,drone_1,drone_2
2073,drone_2,drone_3
2074,drone_0,drone_4
2074,drone_1,drone_2
2074,drone_2,drone_3
2075,drone_1,drone_2
2075,drone_2,drone_3
2076,drone_0,drone_4
2076,drone_1,drone_2
2076,drone_2,drone_3
2077,drone_1,drone_2
2077,drone_2,drone_3
2078,drone_0,drone_4
2078,drone_1,drone_2
2078,drone_2,drone_3
2079,drone_1,drone_2
2079,drone_2,drone_3
2080,drone_0,drone_4
2080,drone_1,drone_2
2081,drone_1,drone_2
2082,drone_0,drone_4
2082,drone_1,drone_2
2083,drone_1,drone_2
2084,drone_0,drone_4
2084,drone_1,drone_2
2085,drone_1,drone_2
2086,drone_1,drone_2
2087,drone_1,drone_2
2088,drone_0,drone_4
2088,drone_1,drone_2
2089,drone_0,drone_4
2089,drone_1,drone_2
2090,drone_0,drone_4
2090,drone_1,drone_2
2091,drone_0,drone_4
2091,drone_1,drone_2
2092,drone_0,drone_4
2092,drone_1,drone_2
2093,drone_0,drone_4
2093,drone_1,drone_2
2094,drone_0,drone_4
2094,drone_1,drone_2
2095,drone_0,drone_4
2095,drone_1,drone_2
2096,drone_0,drone_4
2096,drone_1,drone_2
2097,drone_0,drone_4
2097,drone_1,drone_2
2098,drone_0,drone_4
2098,drone_1,drone_2
2099,drone_0,drone_4
2099,drone_1,drone_2
2100,drone_0,drone_4
2100,drone_1,drone_2
2101,drone_0,drone_4
2101,drone_1,drone_2
2102,drone_0,drone_4
2102,drone_1,drone_2
2103,drone_0,drone_4
2103,drone_1,drone_2
2104,drone_0,drone_4
2104,drone_1,drone_2
2105,drone_0,drone_4
2105,drone_1,drone_2
2106,drone_0,drone_4
2106,drone_1,drone_2
2107,drone_0,drone_4
2107,drone_1,drone_2
2108,drone_0,drone_4
2108,drone_1,drone_2
2109,drone_0,drone_4
2109,drone_1,drone_2
2110,drone_0,drone_4
2110,drone_1,drone_2
2111,drone_0,drone_4
2111,drone_1,drone_2
2112,drone_0,drone_4
2112,drone_1,drone_2
2113,drone_0,drone_4
2113,drone_1,drone_2
2114,drone_0,drone_4
2114,drone_1,drone_2
2115,drone_0,drone_4
2115,drone_1,drone_2
2116,drone_0,drone_4
2116,drone_1,drone_2
2117,drone_0,drone_4
2117,drone_1,drone_2
2118,drone_0,drone_4
2118,drone_1,drone_2
2119,drone_0,drone_4
2119,drone_1,drone_2
2120,drone_0,drone_4
2120,drone_1,drone_2
2121,drone_0,drone_4
2121,drone_1,drone_2
2122,drone_0,drone_4
2122,drone_1,drone_2
2123,drone_0,drone_4
2123,drone_1,drone_2
2124,drone_0,drone_4
2124,drone_1,drone_2
2125,drone_0,drone_4
2125,drone_1,drone_2
2126,drone_0,drone_4
2126,drone_1,drone_2
2127,drone_0,drone_4
2127,drone_1,drone_2
2128,drone_0,drone_4
2128,drone_1,drone_2
2129,drone_0,drone_4
2129,drone_1,drone_2
2130,drone_0,drone_4
2130,drone_1,drone_2
2131,drone_0,drone_4
2131,drone_1,drone_2
2132,drone_0,drone_4
2132,drone_1,drone_2
2133,drone_0,drone_4
2133,drone_1,drone_2
2134,drone_0,drone_4
2134,drone_1,drone_2
2135,drone_0,drone_4
2135,drone_1,drone_2
2136,drone_0,drone_4
2136,drone_1,drone_2
2137,drone_0,drone_4
2137,drone_1,drone_2
2138,drone_0,drone_4
2138,drone_1,drone_2
2139,drone_0,drone_4
2139,drone_1,drone_2
2140,drone_0,drone_4
2140,drone_1,drone_2
2141,drone_0,drone_4
2141,drone_1,drone_2
2142,drone_0,drone_4
2142,drone_1,drone_2
2143,drone_0,drone_4
2143,drone_1,drone_2
2144,drone_0,drone_4
2144,drone_1,drone_2
2145,drone_0,drone_4
2145,drone_1,drone_2
2146,drone_0,drone_4
2146,drone_1,drone_2
2147,drone_0,drone_4
2147,drone_1,drone_2
2148,drone_0,drone_4
2148,drone_1,drone_2
2149,drone_0,drone_4
2149,drone_1,drone_2
2150,drone_0,drone_4
2151,drone_0,drone_4
2152,drone_0,drone_4
2153,drone_0,drone_4
2154,drone_0,drone_4
2155,drone_0,drone_4
2156,drone_0,drone_4
2157,drone_0,drone_4
2158,drone_0,drone_4
2159,drone_0,drone_4
2160,drone_0,drone_4
2161,drone_0,drone_4
2162,drone_0,drone_4
2163,drone_0,drone_4
2164,drone_0,drone_4
2165,drone_0,drone_4
2166,drone_0,drone_4
2167,drone_0,drone_4
2168,drone_0,drone_4
2169,drone_0,drone_4
2170,drone_0,drone_4
2171,drone_0,drone_4
2172,drone_0,drone_4
2174,drone_0,drone_4
2178,drone_0,drone_4
2179,drone_0,drone_4
2180,drone_0,drone_4
2181,drone_0,drone_4
2182,drone_0,drone_4
2183,drone_0,drone_4
2184,drone_0,drone_4
2185,drone_0,drone_4
2186,drone_0,drone_4
2187,drone_0,drone_4
2188,drone_0,drone_4
2189,drone_0,drone_4
2190,drone_0,drone_4
2191,drone_0,drone_4
2192,drone_0,drone_4
2193,drone_0,drone_4
2194,drone_0,drone_4
2195,drone_0,drone_4
2196,drone_0,drone_4
2197,drone_0,drone_4
2198,drone_0,drone_4
2199,drone_0,drone_4
2200,drone_0,drone_4
2201,drone_0,drone_4
2202,drone_0,drone_4
2203,drone_0,drone_4
2204,drone_0,drone_4
2205,drone_0,drone_4
2206,drone_0,drone_4
2207,drone_0,drone_4
2208,drone_0,drone_4
2209,drone_0,drone_4
2210,drone_0,drone_4
2211,drone_0,drone_4
2212,drone_0,drone_4
2213,drone_0,drone_4
2214,drone_0,drone_4
2215,drone_0,drone_4
2216,drone_0,drone_4
2217,drone_0,drone_4
2218,drone_0,drone_4
2219,drone_0,drone_4
2220,drone_0,drone_4
2221,drone_0,drone_4
2222,drone_0,drone_4
2223,drone_0,drone_4
2224,drone_0,drone_4
2225,drone_0,drone_4
2226,drone_0,drone_4
2227,drone_0,drone_4
2228,drone_0,drone_4
2229,drone_0,drone_4
2230,drone_0,drone_4
2231,drone_0,drone_4
2232,drone_0,drone_4
2233,drone_0,drone_4
2234,drone_0,drone_4
2235,drone_0,drone_4
2236,drone_0,drone_4
2237,drone_0,drone_4
2238,drone_0,drone_4
2239,drone_0,drone_4
2240,drone_0,drone_4
2241,drone_0,drone_4
2242,drone_0,drone_4
2243,drone_0,drone_4
2306,drone_0,drone_1
2307,drone_0,drone_1
2308,drone_0,drone_1
2309,drone_0,drone_1
2310,drone_0,drone_1
2311,drone_0,drone_1
2312,drone_0,drone_1
2313,drone_0,drone_1
2314,drone_0,drone_1
2315,drone_0,drone_1
2316,drone_0,drone_1
2317,drone_0,drone_1
2318,drone_0,drone_1
2319,drone_0,drone_1
2320,drone_0,drone_1
2321,drone_0,drone_1
2322,drone_0,drone_1
2323,drone_0,drone_1
2324,drone_0,drone_1
2325,drone_0,drone_1
2326,drone_0,drone_1
2327,drone_0,drone_1
2328,drone_0,drone_1
2329,drone_0,drone_1
2330,drone_0,drone_1
2331,drone_0,drone_1
2332,drone_0,drone_1
2333,drone_0,drone_1
2334,drone_0,drone_1
2335,drone_0,drone_1
2336,drone_0,drone_1
2337,drone_0,drone_1
2338,drone_0,drone_1
2339,drone_0,drone_1
2340,drone_0,drone_1
2341,drone_0,drone_1
2342,drone_0,drone_1
2343,drone_0,drone_1
2344,drone_0,drone_1
2345,drone_0,drone_1
2346,drone_0,drone_1
2347,drone_0,drone_1
2348,drone_0,drone_1
2349,drone_0,drone_1
2350,drone_0,drone_1
2351,drone_0,drone_1
2352,drone_0,drone_1
2353,drone_0,drone_1
2354,drone_0,drone_1
2355,drone_0,drone_1
2356,drone_0,drone_1
2357,drone_0,drone_1
2358,drone_0,drone_1
2359,drone_0,drone_1
2360,drone_0,drone_1
2361,drone_0,drone_1
2362,drone_0,drone_1
2363,drone_0,drone_1
2364,drone_0,drone_1
2365,drone_0,drone_1
2366,drone_0,drone_1
2367,drone_0,drone_1
2368,drone_0,drone_1
2369,drone_0,drone_1
2370,drone_0,drone_1
2371,drone_0,drone_1
2372,drone_0,drone_1
2373,drone_0,drone_1
2374,drone_0,drone_1
2375,drone_0,drone_1
2417,drone_2,drone_3
2418,drone_2,drone_3
2419,drone_2,drone_3
2420,drone_2,drone_3
2421,drone_2,drone_3
2422,drone_2,drone_3
2428,drone_2,drone_3
2429,drone_2,drone_3
2430,drone_2,drone_3
2431,drone_2,drone_3
2432,drone_2,drone_3
2433,drone_2,drone_3
2434,drone_2,drone_3
2435,drone_2,drone_3
2436,drone_2,drone_3
2437,drone_2,drone_3
2438,drone_2,drone_3
2439,drone_2,drone_3
2440,drone_2,drone_3
2441,drone_2,drone_3
2442,drone_2,drone_3
2443,drone_2,drone_3
2444,drone_2,drone_3
2445,drone_0,drone_1
2445,drone_2,drone_3
2446,drone_0,drone_1
2446,drone_2,drone_3
2447,drone_0,drone_1
2447,drone_2,drone_3
2448,drone_0,drone_1
2448,drone_2,drone_3
2449,drone_0,drone_1
2449,drone_2,drone_3
2450,drone_0,drone_1
2450,drone_2,drone_3
2451,drone_0,drone_1
2451,drone_2,drone_3
2452,drone_2,drone_3
2453,drone_2,drone_3
2454,drone_2,drone_3
2455,drone_2,drone_3
2456,drone_2,drone_3
2457,drone_2,drone_3
2458,drone_2,drone_3
2459,drone_2,drone_3
2460,drone_2,drone_3
2461,drone_0,drone_1
2461,drone_2,drone_3
2462,drone_0,drone_1
2462,drone_2,drone_3
2462,drone_3,drone_4
2463,drone_0,drone_1
2463,drone_2,drone_3
2464,drone_0,drone_1
2464,drone_2,drone_3
2464,drone_3,drone_4
2465,drone_0,drone_1
2465,drone_2,drone_3
2466,drone_0,drone_1
2466,drone_2,drone_3
2466,drone_3,drone_4
2467,drone_0,drone_1
2467,drone_2,drone_3
2467,drone_3,drone_4
2468,drone_0,drone_1
2468,drone_2,drone_3
2468,drone_3,drone_4
2469,drone_0,drone_1
2469,drone_2,drone_3
2469,drone_3,drone_4
2470,drone_0,drone_1
2470,drone_2,drone_3
2470,drone_3,drone_4
2471,drone_0,drone_1
2471,drone_2,drone_3
2471,drone_3,drone_4
2472,drone_0,drone_1
2472,drone_2,drone_3
2473,drone_0,drone_1
2473,drone_2,drone_3
2474,drone_0,drone_1
2474,drone_2,drone_3
2475,drone_0,drone_1
2475,drone_2,drone_3
2476,drone_0,drone_1
2476,drone_2,drone_3
2477,drone_0,drone_1
2478,drone_0,drone_1
2479,drone_0,drone_1
2479,drone_3,drone_4
2480,drone_0,drone_1
2480,drone_3,drone_4
2481,drone_0,drone_1
2481,drone_3,drone_4
2482,drone_0,drone_1
2483,drone_0,drone_1
2484,drone_0,drone_1
2485,drone_0,drone_1
2486,drone_0,drone_1
2487,drone_0,drone_1
2488,drone_0,drone_1
2489,drone_0,drone_1
2490,drone_0,drone_1
2491,drone_0,drone_1
2492,drone_0,drone_1
2493,drone_0,drone_1
2494,drone_0,drone_1
2495,drone_0,drone_1
2496,drone_0,drone_1
2497,drone_0,drone_1
2498,drone_0,drone_1
2499,drone_0,drone_1
2500,drone_0,drone_1
2500,drone_3,drone_4
2501,drone_0,drone_1
2502,drone_0,drone_1
2502,drone_3,drone_4
2503,drone_0,drone_1
2503,drone_3,drone_4
2504,drone_0,drone_1
2504,drone_3,drone_4
2505,drone_0,drone_1
2505,drone_3,drone_4
2506,drone_0,drone_1
2506,drone_3,drone_4
2507,drone_0,drone_1
2507,drone_3,drone_4
2508,drone_0,drone_1
2510,drone_0,drone_1
2511,drone_0,drone_1
2512,drone_0,drone_1
2513,drone_0,drone_1
2514,drone_0,drone_1
2515,drone_0,drone_1
2516,drone_0,drone_1
2517,drone_0,drone_1
2518,drone_0,drone_1
2519,drone_0,drone_1
2520,drone_0,drone_1
2521,drone_0,drone_1
2522,drone_0,drone_1
2522,drone_2,drone_3
2523,drone_0,drone_1
2523,drone_2,drone_3
2524,drone_0,drone_1
2524,drone_2,drone_3
2525,drone_2,drone_3
2526,drone_0,drone_1
2526,drone_2,drone_3
2527,drone_2,drone_3
2528,drone_2,drone_3
2529,drone_2,drone_3
2530,drone_2,drone_3
2531,drone_2,drone_3
2532,drone_2,drone_3
2533,drone_2,drone_3
2534,drone_2,drone_3
2535,drone_2,drone_3
2536,drone_2,drone_3
2537,drone_2,drone_3
2538,drone_2,drone_3
2539,drone_2,drone_3
2635,drone_2,drone_3
2636,drone_2,drone_3
2637,drone_2,drone_3
2638,drone_2,drone_3
2639,drone_2,drone_3
2640,drone_2,drone_3
2641,drone_2,drone_3
2642,drone_2,drone_3
2643,drone_2,drone_3
2644,drone_2,drone_3
2645,drone_2,drone_3
2646,drone_2,drone_3
2647,drone_2,drone_3
2648,drone_2,drone_3
2649,drone_2,drone_3
2650,drone_2,drone_3
2651,drone_2,drone_3
2652,drone_2,drone_3
2653,drone_2,drone_3
2654,drone_2,drone_3
2655,drone_2,drone_3
2656,drone_2,drone_3
2657,drone_2,drone_3
2658,drone_2,drone_3
2659,drone_2,drone_3
2660,drone_2,drone_3
2661,drone_2,drone_3
2662,drone_2,drone_3
2663,drone_2,drone_3
2664,drone_2,drone_3
2665,drone_2,drone_3
2666,drone_2,drone_3
2667,drone_2,drone_3
2668,drone_2,drone_3
2669,drone_2,drone_3
2670,drone_2,drone_3
2671,drone_2,drone_3
2671,drone_3,drone_4
2672,drone_2,drone_3
2672,drone_3,drone_4
2673,drone_2,drone_3
2673,drone_3,drone_4
2674,drone_2,drone_3
2675,drone_2,drone_3
2676,drone_2,drone_3
2676,drone_3,drone_4
2677,drone_2,drone_3
2677,drone_2,drone_4
2677,drone_3,drone_4
2678,drone_2,drone_3
2678,drone_2,drone_4
2678,drone_3,drone_4
2679,drone_2,drone_3
2679,drone_2,drone_4
2679,drone_3,drone_4
2680,drone_2,drone_3
2680,drone_2,drone_4
2680,drone_3,drone_4
2681,drone_2,drone_3
2681,drone_3,drone_4
2682,drone_2,drone_3
2682,drone_3,drone_4
2683,drone_2,drone_3
2684,drone_2,drone_3
2685,drone_2,drone_3
2686,drone_2,drone_3
2687,drone_2,drone_3
2688,drone_2,drone_3
2689,drone_2,drone_3
2690,drone_2,drone_3
2691,drone_2,drone_3
2692,drone_2,drone_3
2693,drone_2,drone_3
2694,drone_2,drone_3
2695,drone_2,drone_3
2696,drone_2,drone_3
2697,drone_2,drone_3
2698,drone_2,drone_3
2699,drone_2,drone_3
2700,drone_2,drone_3
2701,drone_2,drone_3
2702,drone_2,drone_3
2703,drone_2,drone_3
2704,drone_2,drone_3
2705,drone_2,drone_3
2706,drone_2,drone_3
2707,drone_2,drone_3
2708,drone_2,drone_3
2709,drone_2,drone_3
2710,drone_2,drone_3
2711,drone_2,drone_3
2712,drone_2,drone_3
2713,drone_2,drone_3
2714,drone_2,drone_3
2715,drone_2,drone_3
2716,drone_2,drone_3
2717,drone_2,drone_3
2718,drone_2,drone_3
2719,drone_2,drone_3
2720,drone_2,drone_3
2721,drone_2,drone_3
2722,drone_2,drone_3
2723,drone_2,drone_3
2724,drone_2,drone_3
2725,drone_2,drone_3
2726,drone_2,drone_3
2727,drone_2,drone_3
2728,drone_2,drone_3
2729,drone_2,drone_3
2730,drone_2,drone_3
2731,drone_2,drone_3
2732,drone_2,drone_3
2733,drone_2,drone_3
2734,drone_2,drone_3
2735,drone_2,drone_3
2736,drone_2,drone_3
2737,drone_2,drone_3
2738,drone_2,drone_3
2739,drone_2,drone_3
2740,drone_2,drone_3
2741,drone_2,drone_3
2742,drone_2,drone_3
2743,drone_2,drone_3
2744,drone_2,drone_3
2745,drone_2,drone_3
2746,drone_2,drone_3
2747,drone_2,drone_3
2748,drone_2,drone_3
2749,drone_2,drone_3
2750,drone_2,drone_3
2751,drone_2,drone_3
2752,drone_2,drone_3
2753,drone_2,drone_3
2754,drone_2,drone_3
2755,drone_2,drone_3
2756,drone_2,drone_3
2757,drone_2,drone_3
2758,drone_2,drone_3
2759,drone_2,drone_3
2760,drone_2,drone_3
2761,drone_2,drone_3
2762,drone_2,drone_3
2763,drone_2,drone_3
2764,drone_2,drone_3
2765,drone_2,drone_3
2766,drone_2,drone_3
2767,drone_2,drone_3
2768,drone_2,drone_3
2769,drone_2,drone_3
2770,drone_2,drone_3
2771,drone_2,drone_3
2772,drone_2,drone_3
2773,drone_2,drone_3
2774,drone_2,drone_3
2775,drone_2,drone_3
2776,drone_2,drone_3
2777,drone_2,drone_3
2778,drone_2,drone_3
2779,drone_2,drone_3
2780,drone_2,drone_3
2781,drone_2,drone_3
2782,drone_2,drone_3
2783,drone_2,drone_3
2784,drone_2,drone_3
2785,drone_2,drone_3
2786,drone_2,drone_3
2787,drone_2,drone_3
2788,drone_2,drone_3
2789,drone_2,drone_3
2790,drone_2,drone_3
2791,drone_2,drone_3
2792,drone_2,drone_3
2793,drone_2,drone_3
2794,drone_2,drone_3
2795,drone_2,drone_3
2796,drone_2,drone_3
2797,drone_2,drone_3
2798,drone_2,drone_3
2799,drone_2,drone_3
2800,drone_2,drone_3
2801,drone_2,drone_3
2802,drone_2,drone_3
2803,drone_2,drone_3
2804,drone_2,drone_3
2805,drone_2,drone_3
2806,drone_2,drone_3
2807,drone_2,drone_3
2808,drone_2,drone_3
2809,drone_2,drone_3
2810,drone_2,drone_3
2811,drone_2,drone_3
2812,drone_2,drone_3
2813,drone_2,drone_3
2814,drone_2,drone_3
2815,drone_2,drone_3
2816,drone_2,drone_3
2818,drone_2,drone_3
2819,drone_2,drone_3
2820,drone_2,drone_3
2821,drone_2,drone_3
2822,drone_2,drone_3
2823,drone_2,drone_3
2824,drone_2,drone_3
2825,drone_2,drone_3
2826,drone_2,drone_3
2827,drone_2,drone_3
2828,drone_2,drone_3
2829,drone_2,drone_3
2830,drone_2,drone_3
2831,drone_2,drone_3
2832,drone_2,drone_3
2833,drone_2,drone_3
2834,drone_2,drone_3
2835,drone_2,drone_3
2836,drone_2,drone_3
2837,drone_2,drone_3
2838,drone_2,drone_3
2839,drone_2,drone_3
2840,drone_2,drone_3
2841,drone_2,drone_3
2842,drone_2,drone_3
2843,drone_2,drone_3
2844,drone_2,drone_3
2845,drone_2,drone_3
2846,drone_2,drone_3
2847,drone_2,drone_3
2848,drone_2,drone_3
2849,drone_2,drone_3
2850,drone_2,drone_3
2851,drone_2,drone_3
2852,drone_2,drone_3
2853,drone_2,drone_3
2854,drone_2,drone_3
2855,drone_2,drone_3
2856,drone_2,drone_3
2857,drone_2,drone_3
2858,drone_2,drone_3
2859,drone_2,drone_3
2860,drone_2,drone_3
2861,drone_2,drone_3
2862,drone_2,drone_3
2863,drone_2,drone_3
2864,drone_2,drone_3
2865,drone_2,drone_3
2866,drone_2,drone_3
2867,drone_2,drone_3
2868,drone_2,drone_3
2869,drone_2,drone_3
2870,drone_2,drone_3
2871,drone_2,drone_3
2872,drone_2,drone_3
2873,drone_2,drone_3
2874,drone_2,drone_3
2875,drone_2,drone_3
2876,drone_2,drone_3
2877,drone_2,drone_3
2878,drone_2,drone_3
2879,drone_2,drone_3
2880,drone_2,drone_3
2881,drone_2,drone_3
2882,drone_2,drone_3
2883,drone_2,drone_3
2884,drone_2,drone_3
2885,drone_2,drone_3
2886,drone_2,drone_3
2887,drone_2,drone_3
2888,drone_2,drone_3
2889,drone_2,drone_3
2890,drone_2,drone_3
2891,drone_2,drone_3
2892,drone_2,drone_3
2893,drone_2,drone_3
2894,drone_2,drone_3
2895,drone_2,drone_3
2896,drone_2,drone_3
2897,drone_2,drone_3
2898,drone_2,drone_3
2899,drone_2,drone_3
2900,drone_2,drone_3
2901,drone_2,drone_3
2902,drone_2,drone_3
2903,drone_2,drone_3
2904,drone_2,drone_3
2905,drone_2,drone_3
2906,drone_2,drone_3
2907,drone_2,drone_3
2908,drone_2,drone_3
2909,drone_2,drone_3
2910,drone_2,drone_3
2911,drone_2,drone_3
2912,drone_1,drone_4
2912,drone_2,drone_3
2913,drone_2,drone_3
2914,drone_2,drone_3
2915,drone_2,drone_3
2916,drone_2,drone_3
2917,drone_2,drone_3
2918,drone_2,drone_3
2919,drone_2,drone_3
2920,drone_2,drone_3
2921,drone_2,drone_3
2922,drone_2,drone_3
2923,drone_2,drone_3
2924,drone_2,drone_3
2925,drone_2,drone_3
2926,drone_2,drone_3
2927,drone_2,drone_3
2928,drone_2,drone_3
2929,drone_2,drone_3
2930,drone_2,drone_3
2931,drone_2,drone_3
2932,drone_2,drone_3
2933,drone_2,drone_3
2934,drone_2,drone_3
2935,drone_2,drone_3
2936,drone_2,drone_3
2937,drone_2,drone_3
2938,drone_2,drone_3
2939,drone_2,drone_3
2940,drone_2,drone_3
2941,drone_2,drone_3
2942,drone_2,drone_3
2943,drone_2,drone_3
2944,drone_2,drone_3
2945,drone_2,drone_3
2946,drone_2,drone_3
2947,drone_2,drone_3
2948,drone_2,drone_3
2949,drone_2,drone_3
2950,drone_2,drone_3
2951,drone_2,drone_3
2952,drone_2,drone_3
2953,drone_2,drone_3
2954,drone_2,drone_3
2955,drone_2,drone_3
2956,drone_2,drone_3
2957,drone_2,drone_3
2958,drone_2,drone_3
2959,drone_2,drone_3
2960,drone_2,drone_3
2962,drone_2,drone_3
2963,drone_2,drone_3
2964,drone_2,drone_3
2965,drone_2,drone_3
2966,drone_1,drone_4
2966,drone_2,drone_3
2967,drone_2,drone_3
2968,drone_1,drone_4
2968,drone_2,drone_3
2969,drone_2,drone_3
2970,drone_1,drone_4
2970,drone_2,drone_3
2972,drone_1,drone_4
2973,drone_1,drone_4
2974,drone_1,drone_4
2979,drone_2,drone_3
2980,drone_1,drone_4
2980,drone_2,drone_3
2981,drone_1,drone_4
2981,drone_2,drone_3
2982,drone_1,drone_4
2982,drone_2,drone_3
2983,drone_1,drone_4
2983,drone_2,drone_3
2984,drone_1,drone_4
2984,drone_2,drone_3
2985,drone_1,drone_4
2985,drone_2,drone_3
2986,drone_1,drone_4
2986,drone_2,drone_3
2987,drone_1,drone_4
2987,drone_2,drone_3
2988,drone_1,drone_4
2988,drone_2,drone_3
2989,drone_1,drone_4
2989,drone_2,drone_3
2990,drone_1,drone_4
2990,drone_2,drone_3
2991,drone_1,drone_4
2992,drone_1,drone_4
2994,drone_2,drone_3
3010,drone_1,drone_4
3012,drone_1,drone_4
3014,drone_1,drone_4
3016,drone_1,drone_4
3018,drone_1,drone_4
3020,drone_1,drone_4
3022,drone_1,drone_4
3024,drone_1,drone_4
3026,drone_1,drone_4
3028,drone_1,drone_4
3030,drone_1,drone_4
3031,drone_1,drone_4
3032,drone_1,drone_4
3033,drone_1,drone_4
3034,drone_1,drone_4
3035,drone_1,drone_4
3036,drone_1,drone_4
3037,drone_1,drone_4
3038,drone_1,drone_4
3039,drone_1,drone_4
3040,drone_1,drone_4
3041,drone_1,drone_4
3042,drone_1,drone_4
3043,drone_1,drone_4
3044,drone_1,drone_4
3045,drone_1,drone_4
3046,drone_1,drone_4
3052,drone_1,drone_4
3053,drone_1,drone_4
3055,drone_0,drone_4
3056,drone_0,drone_4
3057,drone_0,drone_4
3058,drone_0,drone_4
3059,drone_0,drone_4
3060,drone_0,drone_4
3061,drone_0,drone_4
3062,drone_0,drone_4
3063,drone_0,drone_4
3064,drone_0,drone_4
3065,drone_0,drone_4
3066,drone_0,drone_4
3067,drone_0,drone_4
3068,drone_0,drone_4
3069,drone_0,drone_4
3070,drone_0,drone_4
3071,drone_0,drone_4
3072,drone_0,drone_4
3073,drone_0,drone_4
3074,drone_0,drone_4
3075,drone_0,drone_4
3076,drone_0,drone_4
3077,drone_0,drone_4
3078,drone_0,drone_4
3079,drone_0,drone_4
3080,drone_0,drone_4
3081,drone_0,drone_4
3082,drone_0,drone_4
3083,drone_0,drone_4
3084,drone_0,drone_4
3085,drone_0,drone_4
3086,drone_0,drone_4
3087,drone_0,drone_4
3088,drone_0,drone_4
3089,drone_0,drone_4
3090,drone_0,drone_4
3091,drone_0,drone_4
3092,drone_0,drone_4
3093,drone_0,drone_4
3094,drone_0,drone_4
3095,drone_0,drone_4
3096,drone_0,drone_4
3097,drone_0,drone_4
3098,drone_0,drone_4
3099,drone_0,drone_4
3100,drone_0,drone_4
3101,drone_0,drone_4
3102,drone_0,drone_4
3103,drone_0,drone_4
3104,drone_0,drone_4
3105,drone_0,drone_4
3106,drone_0,drone_4
3107,drone_0,drone_4
3108,drone_0,drone_4
3109,drone_0,drone_4
3110,drone_0,drone_4
3111,drone_0,drone_4
3112,drone_0,drone_4
3113,drone_0,drone_4
3114,drone_0,drone_4
3114,drone_2,drone_4
3115,drone_0,drone_4
3115,drone_2,drone_4
3116,drone_0,drone_4
3116,drone_2,drone_4
3117,drone_0,drone_4
3117,drone_2,drone_4
3118,drone_2,drone_4
3119,drone_2,drone_4
3120,drone_2,drone_4
3198,drone_0,drone_2
3199,drone_0,drone_2
3202,drone_0,drone_2
3205,drone_0,drone_2
3207,drone_0,drone_2
3208,drone_0,drone_2
3209,drone_0,drone_2
3210,drone_0,drone_2
3211,drone_0,drone_2
3212,drone_0,drone_2
3213,drone_0,drone_2
3214,drone_0,drone_2
3215,drone_0,drone_2
3216,drone_0,drone_2
3217,drone_0,drone_2
3218,drone_0,drone_2
3219,drone_0,drone_2
3220,drone_0,drone_2
3221,drone_0,drone_2
3222,drone_0,drone_2
3223,drone_0,drone_2
3224,drone_0,drone_2
3225,drone_0,drone_2
3226,drone_0,drone_2
3227,drone_0,drone_2
3228,drone_0,drone_2
3229,drone_0,drone_2
3230,drone_0,drone_2
3231,drone_0,drone_2
3232,drone_0,drone_2
3233,drone_0,drone_2
3234,drone_0,drone_2
3235,drone_0,drone_2
3236,drone_0,drone_2
3237,drone_0,drone_2
3238,drone_0,drone_2
3239,drone_0,drone_2
3240,drone_0,drone_2
3241,drone_0,drone_2
3242,drone_0,drone_2
3243,drone_0,drone_2
3244,drone_0,drone_2
3245,drone_0,drone_2
3246,drone_0,drone_2
3247,drone_0,drone_2
3248,drone_0,drone_2
3249,drone_0,drone_2
3250,drone_0,drone_2
3251,drone_0,drone_2
3252,drone_0,drone_2
3253,drone_0,drone_2
3254,drone_0,drone_2
3255,drone_0,drone_2
3256,drone_0,drone_2
3257,drone_0,drone_2
